branch,epsilon,Rmol,max_real,residual
main,0.009291983283223653,10.599472144738215,0.0382215934043761,4.891920202254596e-16
main,0.00929205519044384,10.59902894704189,0.038135732675719555,2.7929047963226594e-16
main,0.009292178804147174,10.598447666054756,0.03802282967985171,6.175615574477433e-16
main,0.009292391305028345,10.597685206859044,0.03787422883801364,3.5561831257524545e-16
main,0.009292756609386036,10.596684976003392,0.03767840009108518,1.8388068845354155e-16
main,0.009293384593952563,10.595372622457806,0.03741990399969305,4.753142324176451e-16
main,0.009294464144764071,10.59365041911941,0.03707792033344224,4.40619762898109e-16
main,0.009296319970554632,10.5913898460528,0.036624102625834085,5.238864897449957e-16
main,0.009299510269082677,10.588421802141603,0.03601934532475417,3.213575239247035e-16
main,0.00930499462259787,10.584523711005126,0.03520869754143785,3.95516952522712e-16
main,0.009314422622271001,10.579402624328814,0.03411289225389129,1.43982048506075e-16
main,0.009330630034428215,10.572673338852525,0.0326131243340391,1.7867651802561113e-16
main,0.009358491746131745,10.56383074336394,0.030520682184250452,4.0245584642661925e-16
main,0.009406388040217482,10.552216617990954,0.02750639614990576,6.210310043996969e-16
main,0.009488725227952315,10.536984102120485,0.022890497818620497,9.8879238130678e-17
main,0.009630268798566478,10.517070481929537,0.01457784678978915,1.4224732503009818e-16
main,0.009873592416161089,10.491205146103002,2.5908834063358952e-08,1.9255430583342559e-16
main,0.010291883283223655,10.458009490166972,1.2851098720851075e-08,5.342948306008566e-16
main,0.010491883283223653,10.444965431842341,1.2628786905111156e-15,6.869504964868156e-16
main,0.011389795026786753,10.398676894815658,1.0665005684326038e-15,2.0839721007887002e-16
main,0.012287706770349852,10.36421165593425,4.961309141293668e-16,1.4346163146328195e-15
main,0.01318561851391295,10.33664387992556,1.1553258350005535e-15,1.1032841307212493e-15
main,0.014083530257476048,10.313724961893055,5.6958744077343146e-08,1.2073675392798577e-15
main,0.014981442001039147,10.294190641785528,5.1181253033745764e-08,4.649058915617843e-16
main,0.015879353744602247,10.277243339888996,2.272429630964535e-08,4.822531263215524e-16
main,0.016777265488165344,10.262341428028229,5.828670879282072e-16,7.73686670285656e-16
main,0.017675177231728442,10.249097710375384,5.631816800428744e-16,2.6335270769672903e-16
main,0.018573088975291543,10.237224680142056,3.247732738280743e-08,4.705437428587089e-16
main,0.01947100071885464,10.226502505714972,4.223780613460404e-16,2.0252896582029223e-16
main,0.02036891246241774,10.216759126793672,8.743006318923108e-16,5.689893001203927e-16
main,0.02126682420598084,10.207857272707539,2.949597449615067e-08,5.221517662690189e-16
main,0.022164735949543938,10.199685663380311,5.30825383648903e-16,4.0592529337857286e-16
main,0.023062647693107036,10.192152853781558,6.323067069935462e-16,2.196593601455632e-16
main,0.023960559436670137,10.185182812305621,5.967448757360216e-16,1.6653345369377348e-16
main,0.024858471180233235,10.17871167250419,1.1007091090766998e-08,9.71445146547012e-16
main,0.025756382923796336,10.172685300227961,1.2490009027033011e-15,3.0531133177191805e-16
main,0.026654294667359434,10.167057440563525,1.512048820422085e-08,2.6020852139652106e-16
main,0.02755220641092253,10.161788285359759,4.023225059072694e-16,4.3021142204224816e-16
main,0.02845011815448563,10.156843351264033,4.527628272299467e-16,1.457167719820518e-16
main,0.02934802989804873,10.152192590605246,1.1544889664486663e-15,1.700029006457271e-16
main,0.030245941641611828,10.147809679334598,2.223620933080231e-08,2.706168622523819e-16
main,0.031143853385174926,10.143671441302038,6.661338147750939e-16,3.608224830031759e-16
main,0.03204176512873803,10.139757378706257,5.4359768933562786e-08,7.632783294297951e-16
main,0.03293967687230112,10.136049286093112,6.245004513516506e-16,9.332812300755222e-16
main,0.03383758861586422,10.13253093071032,1.6046192152785466e-15,4.961309141293668e-16
main,0.034735500359427324,10.129187786034784,8.222335166245889e-16,1.1032841307212493e-15
main,0.035633412102990425,10.126006808237909,3.356536719060619e-16,1.1518563880486e-15
main,0.03653132384655352,10.122976247587333,7.917928465661639e-16,6.730727086790012e-16
main,0.037429235590116613,10.120085488468677,4.458239333260394e-16,3.400058012914542e-16
main,0.038327147333679715,10.117324913000068,1.158361601083513e-15,7.077671781985373e-16
main,0.039225059077242816,10.114685784214007,3.803711250902144e-08,9.575673587391975e-16
main,0.04012297082080592,10.112160145557269,1.1938482363203773e-08,7.91033905045424e-16
main,0.04102088256436902,10.109740734069494,2.2636656367609145e-08,3.400058012914542e-16
main,0.04191879430793211,10.107420905085878,4.787836793695988e-16,1.304512053934559e-15
main,0.042816706051495214,10.105194566692813,2.7408850326869315e-08,2.5673907444456745e-16
main,0.04371461779505831,10.103056122473701,1.1251700738969102e-07,5.35682609381638e-15
main,0.04461252953862141,10.101000421329317,8.174959825571132e-08,3.247402347028583e-15
main,0.04551044128218451,10.099022713363992,9.199889299789881e-08,3.1363800445660672e-15
main,0.046408353025747605,10.097118610983882,8.113502558098248e-08,2.7755575615628914e-15
main,0.047306264769310706,10.095284054496334,5.355251639953802e-08,1.797173521111972e-15
main,0.04820417651287381,10.093515281608003,5.6309237754975975e-08,1.3808398868775384e-15
main,0.0491020882564369,10.09180880030689,2.1864858571172348e-08,9.367506770274758e-16
main,0.05,10.090161364696577,4.6456911260592775e-08,1.4432899320127035e-15
companion,0.009291983283223653,10.60231800096158,0.03876845810574326,8.396061623727746e-16
companion,0.00929205519044384,10.602760234486833,0.038852762140796526,2.7755575615628914e-16
companion,0.009292178804147174,10.603339858041647,0.038962988700617616,1.419762744869768e-16
companion,0.009292391305028345,10.604099468066067,0.03910698745630471,3.0270924655795284e-16
companion,0.009292756609386036,10.605094801193626,0.0392949016312194,2.0990154059319366e-16
companion,0.009293384593952563,10.606398735801177,0.039539782374633355,2.1337098754514727e-16
companion,0.009294464144764071,10.608106468170314,0.03985833175471519,4.371503159461554e-16
companion,0.009296319970554632,10.610342169907902,0.04027177960745073,4.787836793695988e-16
companion,0.009299510269082677,10.613267473904337,0.040806886358182394,3.400058012914542e-16
companion,0.00930499462259787,10.617092138375908,0.041497046379758755,2.6020852139652106e-16
companion,0.009314422622271001,10.622087136075768,0.04238345010874133,2.983724378680108e-16
companion,0.009330630034428215,10.628600068622706,0.04351626474674358,1.682681771697503e-16
companion,0.009358491746131745,10.637071924176507,0.044955849853952366,4.644722106927901e-16
companion,0.009406388040217482,10.648052201808895,0.04677420547200224,6.522560269672795e-16
companion,0.009488725227952315,10.662205249273839,0.04905727775165233,2.8796409701215e-16
companion,0.009630268798566478,10.680292593620543,0.05190961319674757,3.365363543395006e-16
companion,0.009873592416161089,10.703102308184274,0.05546443171469022,2.706168622523819e-16
companion,0.010291883283223655,10.73127865974042,0.059904745413859456,3.0184188481996443e-16
companion,0.010491883283223653,10.742020791062824,0.06164227033298344,1.4641066137244252e-15
companion,0.011389795026786753,10.77867751320273,0.06793373656286782,2.5673907444456745e-16
companion,0.012287706770349852,10.804518386686555,0.07290759485735059,1.249000902703301e-16
companion,0.01318561851391295,10.824311295767448,0.07718951561478908,3.8163916471489756e-16
companion,0.014083530257476048,10.840179464096938,0.0810341611721238,8.257283745649602e-16
companion,0.014981442001039147,10.853286139954811,0.08457232327032516,9.922618282587337e-16
companion,0.015879353744602247,10.864346465827964,0.08788077823896875,3.2612801348363973e-16
companion,0.016777265488165344,10.873834021352948,0.09100877503665294,6.036837696399289e-16
companion,0.017675177231728442,10.882079260300888,0.09398998772069049,5.195496810550537e-16
companion,0.018573088975291543,10.889321945472496,0.09684858325708114,1.0547118733938987e-15
companion,0.01947100071885464,10.895741407345282,0.09960257878174218,4.3021142204224816e-16
companion,0.02036891246241774,10.901475095122432,0.10226582606703943,1.457167719820518e-16
companion,0.02126682420598084,10.906630502921836,0.10484924789620208,4.3021142204224816e-16
companion,0.022164735949543938,10.911293136115706,0.10736164221576683,3.2612801348363973e-16
companion,0.023062647693107036,10.915532003276262,0.10981022429623107,4.3194614551822497e-16
companion,0.023960559436670137,10.919403504044032,0.11220100358124623,4.2327252813834093e-16
companion,0.024858471180233235,10.922954244418513,0.11453905260329338,1.1587952819525071e-15
companion,0.025756382923796336,10.926223115632299,0.11682870332043434,5.689893001203927e-16
companion,0.026654294667359434,10.92924285570308,0.11907369337607179,9.020562075079397e-16
companion,0.02755220641092253,10.932041240228912,0.12127727701514587,2.185751579730777e-16
companion,0.02845011815448563,10.93464200272744,0.12344231054770993,6.453171330633722e-16
companion,0.02934802989804873,10.937065554561997,0.12557131914955227,3.191891195797325e-16
companion,0.030245941641611828,10.939329554247916,0.12766654975404065,8.534839501805891e-16
companion,0.031143853385174926,10.941449362114124,0.12973001342505863,5.689893001203927e-16
companion,0.03204176512873803,10.943438406688749,0.13176351966729088,9.159339953157541e-16
companion,0.03293967687230112,10.945308482394601,0.1337687044807348,7.771561172376096e-16
companion,0.03383758861586422,10.947069993276195,0.1357470535063983,2.831068712794149e-15
companion,0.034735500359427324,10.948732153950276,0.1376999212804018,1.7208456881689926e-15
companion,0.035633412102990425,10.950303156364875,0.13962854737311206,1.4016565685892601e-15
companion,0.03653132384655352,10.951790309030354,0.14153407001288928,1.2195106036116954e-15
companion,0.037429235590116613,10.95320015392177,0.14341753766194398,9.020562075079397e-16
companion,0.038327147333679715,10.954538565155532,0.14527991891211103,7.129713486264677e-16
companion,0.039225059077242816,10.955810832694366,0.14712211099235878,1.2576745200831851e-15
companion,0.04012297082080592,10.957021733684865,0.14894494712156672,1.1657341758564144e-15
companion,0.04102088256436902,10.958175593522055,0.15074920289488644,9.037909309839165e-16
companion,0.04191879430793211,10.959276338336746,0.15253560185631707,8.049116928532385e-16
companion,0.042816706051495214,10.960327540288331,0.15430482038248963,1.1518563880486e-15
companion,0.04371461779505831,10.961332456793404,0.15605749198029945,7.632783294297951e-16
companion,0.04461252953862141,10.96229406462368,0.15779421108330688,9.159339953157541e-16
companion,0.04551044128218451,10.963215089641176,0.15951553641752908,1.960237527853792e-16
companion,0.046408353025747605,10.964098032813263,0.16122199399573964,6.522560269672795e-16
companion,0.047306264769310706,10.964945193041663,0.16291407978994815,5.48172618408671e-16
companion,0.04820417651287381,10.965758687253167,0.16459226212385497,5.689893001203927e-16
companion,0.0491020882564369,10.966540468129713,0.16625698382097925,7.077671781985373e-16
companion,0.05,10.967292339796941,0.16790866413870115,5.689893001203927e-16
