kind,amplitude,rtol,atol,T,points,nfev,bdg_growth,bdg_frequency,dns_growth,dns_frequency,relative_frequency_error,relative_growth_error,norm_drift,hamiltonian_drift,seconds,file
stable0,1e-06,1e-10,1e-12,2192.4656000985506,77,28241,-3.3444211831697224e-16,0.017194847591397992,-1.5530529569118313e-11,0.017194847296243005,1.716531572437674e-08,0.0,1.7763568394002505e-15,2.220446049250313e-15,0.5238918449999801,dns_stable0_a1e-06_tol1e-10.npz
stable1,1e-06,1e-10,1e-12,1189.87281414109,77,15341,-1.2710915219683165e-16,0.031683312195253936,1.3582278196626788e-09,0.03168331226030345,2.0531158995140686e-09,0.0,1.1102230246251565e-15,1.7763568394002505e-15,0.3569855069999903,dns_stable1_a1e-06_tol1e-10.npz
stable2,1e-06,1e-10,1e-12,1045.2736851838838,77,13481,-5.216909803457126e-16,0.03606625937057386,-8.697281655500545e-10,0.03606625889955619,1.30597871406124e-08,0.0,1.3322676295501878e-15,1.5543122344752192e-15,0.27682396499994866,dns_stable2_a1e-06_tol1e-10.npz
real,1e-06,1e-10,1e-12,200,75,2606,0.022271510867121733,0.0,0.02227151253789265,0.0,0.0,7.501830157075062e-08,4.440892098500626e-16,6.661338147750939e-16,0.06917604599993865,dns_real_a1e-06_tol1e-10.npz
HH,1e-06,1e-10,1e-12,600,72,7790,0.0049451244914204134,0.4129840831998327,0.004945124921378426,0.41298408423574495,2.5083588539587254e-09,8.694584208157607e-08,1.3322676295501878e-15,1.7763568394002505e-15,0.15866162200018152,dns_HH_a1e-06_tol1e-10.npz
stable0,1e-06,2e-12,2e-14,2192.4656000985506,77,28211,-3.3444211831697224e-16,0.017194847591397992,4.406475327763276e-11,0.017194847488229952,5.999939212131267e-09,0.0,1.5543122344752192e-15,2.1094237467877974e-15,0.5469485739999982,dns_stable0_a1e-06_tol2e-12.npz
real,1e-06,2e-12,2e-14,200,75,2621,0.022271510867121733,0.0,0.02227151137189563,0.0,0.0,2.266455556565461e-08,4.440892098500626e-16,6.661338147750939e-16,0.06388809899999615,dns_real_a1e-06_tol2e-12.npz
HH,1e-06,2e-12,2e-14,600,72,8765,0.0049451244914204134,0.4129840831998327,0.0049451233984741435,0.41298408305687134,3.4616676192200657e-10,2.210149151471441e-07,5.551115123125783e-16,1.1102230246251565e-15,0.1749664369999664,dns_HH_a1e-06_tol2e-12.npz
stable0,5e-07,1e-10,1e-12,2192.4656000985506,77,28241,-3.3444211831697224e-16,0.017194847591397992,7.730409596919531e-11,0.017194847291492826,1.7441571631415798e-08,0.0,1.3322676295501878e-15,1.5543122344752192e-15,0.559790692000206,dns_stable0_a5e-07_tol1e-10.npz
