beta,sigma,m,epsilon,prediction,rho,relative_error,residual,null_residual,transversality,quadratic,points,xstar,C
0.6,1,24,0.021631544999737014,0.02281969558889094,0.9479331096014997,0.05206689039850032,1.2836953722228372e-16,5.551115123125783e-16,-0.0001735102260155552,0.00045997182395436653,133,-0.2199652502610668,40940.24017458249
0.6,1,25,0.012147750495381224,0.012523714471306856,0.9699798349134352,0.0300201650865648,4.709774237277031e-16,1.1102230246251565e-16,-0.00016747400969212983,0.00025226399049443904,134,-0.2199652502610668,40940.24017458249
0.6,1,26,0.006756640083099939,0.006873160228972354,0.9830470784921834,0.016952921507816576,1.0677222994637248e-15,2.1094237467877974e-15,0.00016396325014535196,-0.0001383927893568726,135,-0.2199652502610668,40940.24017458249
0.6,1,27,0.003736403995831905,0.003772070310398712,0.9905446315598934,0.009455368440106637,3.8565071275309393e-16,1.6653345369377348e-16,0.00016197125556294267,-7.593567193991957e-05,136,-0.2199652502610668,40940.24017458249
0.6,1,28,0.002059316774267841,0.002070156078511616,0.9947640159327658,0.005235984067234245,2.896988204881268e-16,2.220446049250313e-16,0.00016085733376555028,-4.1669578966063714e-05,137,-0.2199652502610668,40940.24017458249
0.6,1,29,0.0011328448927067627,0.0011361257444179565,0.997112245957533,0.0028877540424669945,1.717376241217039e-16,1.1102230246251565e-16,0.00016023958800107097,-2.2867300543460978e-05,138,-0.2199652502610668,40940.24017458249
0.6,1,30,0.0006225282160773027,0.0006235190286025615,0.9984109345828956,0.0015890654171043517,2.7257859055822287e-16,1.6653345369377348e-16,0.00015989860175178935,-1.2549403267420045e-05,139,-0.2199652502610668,40940.24017458249
0.6,1,31,0.0003418956475445863,0.0003421944982231306,0.9991266642798289,0.00087333572017112,2.0164805155514776e-16,2.220446049250313e-16,0.00015971087044659715,-6.88712655542989e-06,140,-0.2199652502610668,40940.24017458249
0.6,-1,24,0.012145049548929011,0.012523717170400336,0.969763959348563,0.030236040651437035,1.3810133592251361e-14,1.8762769116165146e-14,0.00016750022853855712,-0.000252224083520311,133,0.2800345764609139,22468.485034670495
0.6,-1,25,0.006755777497903495,0.00687316171026625,0.9829213661323547,0.0170786338676453,2.2746561578745883e-16,2.220446049250313e-16,0.00016398038553722127,-0.0001383765826765554,134,0.2800345764609139,22468.485034670495
0.6,-1,26,0.0037361322422927597,0.003772071123350039,0.9904723744908178,0.00952762550918218,5.947933118255477e-16,9.992007221626409e-16,0.0001619831812041117,-7.592855370336382e-05,135,0.2800345764609139,22468.485034670495
0.6,-1,27,0.002059231925028755,0.0020701565246687677,0.9947228146713395,0.005277185328660505,2.8151309408586123e-16,1.1102230246251565e-16,-0.00016086630403960855,4.1666225115519206e-05,136,0.2800345764609139,22468.485034670495
0.6,-1,28,0.001132818577781085,0.0011361259892741886,0.9970888690828941,0.0029111309171059307,3.6109353354629725e-16,1.1102230246251565e-16,-0.00016024689418394494,2.286563166720157e-05,137,0.2800345764609139,22468.485034670495
0.6,-1,29,0.0006225201043461656,0.0006235191629825131,0.9983977098128489,0.0016022901871510786,1.38073146666029e-16,1.1102230246251565e-16,-0.00015990497525848746,1.2548540630499816e-05,138,0.2800345764609139,22468.485034670495
0.6,-1,30,0.0003418931665983621,0.0003421945719724105,0.9991191988455249,0.000880801154475086,2.269506197555282e-16,1.1102230246251565e-16,-0.00015971672274091298,6.886669649985855e-06,139,0.2800345764609139,22468.485034670495
0.6,-1,31,0.00018770949540020026,0.00018780036290667407,0.9995161483978656,0.0004838516021343775,4.2348936857283803e-16,2.220446049250313e-16,-0.00015961322399052347,3.779449742356833e-06,140,0.2800345764609139,22468.485034670495
0.75,1,17,0.011572690422447934,0.011917163263345626,0.9710943927438497,0.028905607256150323,8.170547571850761e-16,1.2351231148954867e-15,0.00354680768797809,-0.002489634388508327,106,-0.21270040383992067,4106.08119896975
0.75,1,18,0.0055499692136722,0.005629269329158434,0.9859128936902208,0.014087106309779163,4.678332374274952e-16,9.43689570931383e-16,0.003465054022793679,-0.00117702990917129,105,-0.21270040383992067,4106.08119896975
0.75,1,19,0.0026411272970467883,0.002659078547465294,0.993249071022886,0.006750928977114046,3.4298735726578933e-16,1.3183898417423734e-16,-0.0034249635991389082,0.0005562225154728817,108,-0.21270040383992067,4106.08119896975
0.75,1,20,0.0012520299448873743,0.0012560597669337658,0.9967916956243023,0.003208304375697746,2.881809374466471e-16,1.1102230246251565e-16,-0.0034056825652191425,0.0002627933519467329,107,-0.21270040383992067,4106.08119896975
0.75,1,21,0.0005924196352824773,0.0005933206221431853,0.9984814502866031,0.0015185497133969328,4.623309114021312e-16,2.220446049250313e-16,-0.0033964977268133995,0.00012414645095346066,110,-0.21270040383992067,4106.08119896975
0.75,1,22,0.0002800637643803891,0.0002802648169519306,0.9992826335687509,0.000717366431249089,3.5401911437082934e-16,1.6653345369377348e-16,-0.0033921424524040455,5.864520857229438e-05,109,-0.21270040383992067,4106.08119896975
0.75,1,23,0.00013234290248897234,0.00013238772543817495,0.9996614266990821,0.0003385733009179104,3.1937885495991747e-16,1.1102230246251565e-16,0.0033900817858200927,-2.7702602989121416e-05,112,-0.21270040383992067,4106.08119896975
0.75,1,24,6.252554499869242e-05,6.253553349045465e-05,0.999840274941226,0.00015972505877404064,1.9863939052650048e-16,1.6653345369377348e-16,0.0033891078092912197,-1.3085908043580785e-05,111,-0.21270040383992067,4106.08119896975
0.75,-1,17,0.005544477571221529,0.00562930963449566,0.9849302900742409,0.015069709925759067,1.252904030524249e-14,2.4272250875867485e-14,-0.003468965100388549,0.001175142249498884,106,0.2872950802473754,1939.5893085123987
0.75,-1,18,0.0026398311790374633,0.0026590975863584956,0.9927545316802695,0.007245468319730497,3.8445809036335987e-16,1.1102230246251565e-16,-0.0034278167334871323,0.0005554784975377314,105,0.2872950802473754,1939.5893085123987
0.75,-1,19,0.0012517296511854981,0.0012560687602701155,0.9965454844337628,0.003454515566237215,6.245004513516506e-16,1.249000902703301e-16,0.0034080142317063633,-0.00026247659017959724,108,0.2872950802473754,1939.5893085123987
0.75,-1,20,0.0005923515965361787,0.0005933248702944744,0.9983596275716327,0.0016403724283673426,4.086086937554745e-16,2.220446049250313e-16,-0.003398574746687033,0.00012400493131847767,107,0.2872950802473754,1939.5893085123987
0.75,-1,21,0.00028004894007163975,0.0002802668236365106,0.999222585242007,0.000777414757992978,2.1093153265705489e-16,2.498001805406602e-16,0.003394095763647853,-5.858024835472819e-05,110,0.2872950802473754,1939.5893085123987
0.75,-1,22,0.0001323399415333068,0.00013238867332885244,0.9996319035887263,0.0003680964112736662,2.89942765976936e-16,3.3306690738754696e-16,0.003391975171199685,-2.7672356950947385e-05,109,0.2872950802473754,1939.5893085123987
0.75,-1,23,6.252508672339005e-05,6.253598124230634e-05,0.9998257879911714,0.00017421200882861143,2.135336178710201e-16,1.1102230246251565e-16,-0.0033909722147257015,1.307172266884482e-05,112,0.2872950802473754,1939.5893085123987
0.75,-1,24,2.953747083995653e-05,2.9539905881705006e-05,0.999917567721501,8.243227849902279e-05,3.4384116647662166e-16,8.326672684688674e-17,0.003390498090027727,-6.174695638822003e-06,111,0.2872950802473754,1939.5893085123987
1.0,1,10,0.024712363731602457,0.026088605597673606,0.9472473965341455,0.05275260346585453,4.3021142204224816e-16,1.6653345369377348e-16,-0.07925231433616664,0.045075965581266975,75,-0.20089640086221502,574.6397788313607
1.0,1,11,0.009399742844908942,0.009597461648214328,0.9793988441368586,0.020601155863141374,4.093947403305265e-15,9.270362255620057e-15,0.07541074579355256,-0.01667272532055286,78,-0.20089640086221502,574.6397788313607
1.0,1,12,0.0035037270371571943,0.0035307088278094365,0.9923579677713094,0.007642032228690643,9.939965517347105e-16,1.8596235662471372e-15,0.07385407635769548,-0.006145665694020669,77,-0.20089640086221502,574.6397788313607
1.0,1,13,0.0012952714095146737,0.0012988751905136137,0.9972254601325359,0.002774539867464121,1.0642528525117712e-15,5.273559366969494e-16,-0.0732617104024823,0.0022623879072519726,80,-0.20089640086221502,574.6397788313607
1.0,1,14,0.0004773523154088807,0.00047782947923759886,0.9990013930712699,0.0009986069287301058,6.669469664044581e-16,1.942890293094024e-16,-0.0730417842089196,0.0008324707007022203,79,-0.20089640086221502,574.6397788313607
1.0,1,15,0.00017572069741182814,0.00017578364179716917,0.9996419212578741,0.0003580787421259002,5.764431900562306e-16,1.6653345369377348e-16,-0.07296088837027859,0.0003062706383819003,82,-0.20089640086221502,574.6397788313607
1.0,1,16,6.465890032531352e-05,6.466718791142359e-05,0.999871842484918,0.0001281575150819947,4.0283531718698917e-16,1.1102230246251565e-16,-0.07293123508202792,0.00011267316958876727,81,-0.20089640086221502,574.6397788313607
1.0,1,17,2.3788639101649742e-05,2.3789728950983162e-05,0.99995418824083,4.5811759169955835e-05,8.626996686467159e-16,3.608224830031759e-16,-0.07292037936692111,4.145041922556936e-05,84,-0.20089640086221502,574.6397788313607
1.0,-1,10,0.009291883283223654,0.009599871050059071,0.9679175100134786,0.03208248998652141,1.321859288694327e-15,7.91033905045424e-16,0.07656193739148076,-0.016265004772453073,75,0.29898963862836847,211.45123131868135
1.0,-1,11,0.003487719486153228,0.003531595197213638,0.9875762343614504,0.012423765638549633,6.132247487578013e-16,3.3306690738754696e-16,-0.07464656495750088,0.00602679617881724,78,0.29898963862836847,211.45123131868135
1.0,-1,12,0.0012930872902590829,0.0012992012675947027,0.9952940491299404,0.00470595087005965,4.3103541569333714e-15,8.243405957841787e-15,-0.07391090514096998,0.0022233359194655244,77,0.29898963862836847,211.45123131868135
1.0,-1,13,0.00047710487623468567,0.0004779494362919687,0.9982329510338263,0.0017670489661737454,5.384147988563015e-15,9.756084828893563e-15,0.0736350313190266,-0.0008187923654702223,80,0.29898963862836847,211.45123131868135
1.0,-1,14,0.00017571150773055172,0.00017582777153129535,0.9993387631559504,0.0006612368440496175,3.906244902193712e-16,3.0531133177191805e-16,-0.07353253106246427,0.0003013387605409479,79,0.29898963862836847,211.45123131868135
1.0,-1,15,6.466743995426304e-05,6.468342233335296e-05,0.9997529138299523,0.0002470861700476501,3.4772396550683538e-16,3.885780586188048e-16,0.07349458040461167,-0.00011087329844572391,82,0.29898963862836847,211.45123131868135
1.0,-1,16,2.3793505672076678e-05,2.379570126105028e-05,0.9999077316970189,9.226830298114663e-05,7.135947648756469e-16,3.3306690738754696e-16,0.07348054771561663,-4.0790364149168035e-05,81,0.29898963862836847,211.45123131868135
1.0,-1,17,8.753647774882299e-06,8.753949282197763e-06,0.9999655575665629,3.4442433437087416e-05,8.327621361589599e-16,2.3592239273284576e-16,0.07347536157508205,-1.500626355177559e-05,84,0.29898963862836847,211.45123131868135
1.25,1,8,0.010472806305027902,0.010627455937689908,0.9854481040835421,0.014551895916457891,4.305583667374435e-15,4.829470157119431e-15,0.4984655073388464,-0.05813822362456332,61,-0.18935097747979848,234.08529469734228
1.25,1,9,0.003033784042358338,0.0030448171045684676,0.9963764450109087,0.003623554989091282,1.7392337570143468e-14,6.45039577307216e-14,0.4884205383922982,-0.016665291281770578,64,-0.18935097747979848,234.08529469734228
1.25,1,10,0.0008716239093376724,0.0008723547060208211,0.9991622711746668,0.0008377288253331727,2.181414771040835e-15,5.3915205633359164e-15,0.48547003954577117,-0.004773308049918393,63,-0.18935097747979848,234.08529469734228
1.25,1,11,0.0002498890519987755,0.0002499338078385262,0.9998209292286716,0.00017907077132839344,3.674090112010253e-16,2.2898349882893854e-16,0.4846409174950631,-0.001367289266315852,66,-0.18935097747979848,234.08529469734228
1.25,1,12,7.160483059081253e-05,7.160723484327073e-05,0.9999664244477048,3.357555229521747e-05,5.191973153489959e-16,2.220446049250313e-16,0.48441114040860245,-0.000391697156507137,65,-0.18935097747979848,234.08529469734228
1.25,1,13,2.0515723549156237e-05,2.051581627249121e-05,0.9999954803974778,4.519602522234933e-06,5.626467174113525e-16,3.191891195797325e-16,0.48434778943089046,-0.00011221884188067355,68,-0.18935097747979848,234.08529469734228
1.25,1,14,5.877880759429987e-06,5.877879773571077e-06,1.0000001677235582,1.6772355815319884e-07,6.284713418083787e-16,3.122502256758253e-16,0.4843303706781146,-3.215078964828588e-05,67,-0.18935097747979848,234.08529469734228
1.25,1,15,1.684041537349554e-06,1.6840407504956014e-06,1.0000004672416345,4.6724163449418654e-07,1.0062886938652649e-15,5.898059818321144e-16,0.4843255913901915,-9.211310885937074e-06,70,-0.18935097747979848,234.08529469734228
1.25,-1,8,0.003004046089514129,0.0030515306663039866,0.9844390956596969,0.015560904340303106,6.859096624012295e-15,6.189493362285248e-15,-0.5084226422853106,0.015321985915114134,61,0.3098884358031744,67.21443584314851
1.25,-1,9,0.000870126694329287,0.0008742781736620641,0.9952515349715435,0.004748465028456494,5.282232984349378e-16,5.551115123125783e-16,-0.502523820816255,0.0044223052777952465,64,0.3098884358031744,67.21443584314851
1.25,-1,10,0.0002501268392383937,0.0002504848905443477,0.9985705672498812,0.0014294327501187531,5.932313830708108e-16,3.3306690738754696e-16,-0.5007741932954586,0.0012698708883721044,63,0.3098884358031744,67.21443584314851
1.25,-1,11,7.173440761849054e-05,7.17651226819553e-05,0.9995720056997481,0.000427994300251866,1.481209902995384e-15,3.608224830031759e-16,-0.5002615386958037,0.0003640724094033654,66,0.3098884358031744,67.21443584314851
1.25,-1,12,2.0558424347738923e-05,2.0561051895640222e-05,0.9998722075157129,0.00012779248428707035,4.96754330378546e-16,2.7755575615628914e-16,-0.500111912919599,0.00010432993190812034,65,0.3098884358031744,67.21443584314851
1.25,-1,13,5.890615648953589e-06,5.890839996592228e-06,0.999961915849222,3.8084150777994985e-05,7.450908379863508e-16,1.1102230246251565e-16,-0.5000683022394545,2.9892871143966104e-05,68,0.3098884358031744,67.21443584314851
1.25,-1,14,1.6877347912936266e-06,1.6877539165595395e-06,0.999988668214172,1.1331785828017082e-05,7.267457984147171e-16,1.6653345369377348e-16,-0.5000555989013762,8.564609399908107e-06,67,0.3098884358031744,67.21443584314851
1.25,-1,15,4.83547965520689e-07,4.835495930138811e-07,0.9999966342786436,3.365721356396456e-06,2.551115006364183e-16,4.440892098500626e-16,-0.5000519000480768,2.4538152541553337e-06,70,0.3098884358031744,67.21443584314851
1.5,1,6,0.01920097571178728,0.019443519766018266,0.9875257125690338,0.012474287430966235,9.114931032172535e-14,1.5698553568199713e-13,-1.8961274310909153,0.22263743332405125,51,-0.17781362944148185,157.5524725115169
1.5,1,7,0.004336859622060658,0.004338435679240816,0.9996367222435268,0.0003632777564731571,7.754213937616328e-15,6.106226635438361e-15,1.8510741547010754,-0.0494174809582667,52,-0.17781362944148185,157.5524725115169
1.5,1,8,0.0009685501854144057,0.0009680358479026653,1.0005313207283126,0.0005313207283126342,5.734995811579324e-15,6.5503158452884236e-15,1.8406742928839646,-0.010987518816781616,53,-0.17781362944148185,157.5524725115169
1.5,1,9,0.0002160537676869763,0.00021599799377194275,1.0002582149679244,0.00025821496792444165,5.92082806394334e-16,7.771561172376096e-16,1.838672155165904,-0.002448473961125519,54,-0.17781362944148185,157.5524725115169
1.5,1,10,4.819995218707296e-05,4.819566694207314e-05,1.0000889134910194,8.891349101936008e-05,8.518576469218608e-16,8.881784197001252e-16,-1.8383171503520392,0.0005461098849930818,55,-0.17781362944148185,157.5524725115169
1.5,1,11,1.0754195413662693e-05,1.0753906883245165e-05,1.0000268302878814,2.6830287881418613e-05,6.664624635586286e-16,6.106226635438361e-16,-1.8382594670318038,0.00012183969814805184,56,-0.17781362944148185,157.5524725115169
1.5,1,12,2.3995390742616664e-06,2.3995209650797958e-06,1.000007546998811,7.5469988110032915e-06,8.101116281164326e-16,1.1102230246251565e-15,-1.8382514559357612,2.718527005782234e-05,57,-0.17781362944148185,157.5524725115169
1.5,1,13,5.354065855286675e-07,5.354054972177697e-07,1.0000020326853263,2.0326853262808697e-06,8.461740558457845e-16,5.551115123125783e-16,-1.8382507557700218,6.06580431589121e-06,58,-0.17781362944148185,157.5524725115169
1.5,-1,6,0.004248464433956752,0.004380153084768166,0.9699351487806769,0.03006485121932312,8.615955171542566e-13,4.694022948115162e-13,-2.0367444651229754,0.039615214386804126,51,0.3195884624372957,35.49274806150466
1.5,-1,7,0.000969959769912167,0.0009773442592789598,0.9924443313636069,0.00755566863639312,3.603020659603828e-15,8.881784197001252e-16,-1.992007584961756,0.009036003045145263,52,0.3195884624372957,35.49274806150466
1.5,-1,8,0.00021767359433287194,0.00021807498109306282,0.9981594094004778,0.0018405905995222405,9.161508357502512e-16,6.661338147750939e-16,-1.9812744268643505,0.0020272405874064703,53,0.3195884624372957,35.49274806150466
1.5,-1,9,4.863754688368972e-05,4.865910545566091e-05,0.9995569468084277,0.00044305319157234013,1.3858272168709718e-15,8.881784197001252e-16,-1.9787657977010271,0.0004529375597627783,54,0.3195884624372957,35.49274806150466
1.5,-1,10,1.0856163639777551e-05,1.0857313993000955e-05,0.9998940480837023,0.0001059519162976974,9.394476299315335e-16,2.220446049250313e-16,-1.978183916365186,0.00010109614977996118,55,0.3195884624372957,35.49274806150466
1.5,-1,11,2.4225331210873726e-06,2.422594210040091e-06,0.9999747836627094,2.5216337290578927e-05,5.075202250172666e-16,2.220446049250313e-16,1.9780493309735219,-2.2559311162045903e-05,56,0.3195884624372957,35.49274806150466
1.5,-1,12,5.405506033977752e-07,5.405538340609044e-07,0.999994023420193,5.97657980705435e-06,1.0188637450002022e-15,6.661338147750939e-16,1.9780182519876828,-5.033753449373846e-06,57,0.3195884624372957,35.49274806150466
1.5,-1,13,1.2061369369171066e-07,1.2061386356285737e-07,0.9999985916117626,1.4083882373672196e-06,2.555820274386181e-16,4.440892098500626e-16,1.978011085318299,-1.1231870096772845e-06,58,0.3195884624372957,35.49274806150466
