beta,m,padding,points,epsilon_CS,prediction,relative_error,x_CS_lead,C_CS,eta_CS_lead,residual,null_residual,even_parity_residual,center_tangent_overlap,curvature_below,curvature_above,Rmol,epsilon_fold_numerical,eta_CS_numerical,numerical_gap
0.6,24,32,133,0.012360577106884306,0.012752824153920612,0.030757661385593327,0.24999990857766508,22879.520094032127,1.0182938484160091,2.303387515445454e-16,1.6653345369377348e-16,0.0,0.999999123281207,-1.2435132745736155e-07,1.210144651153655e-07,24.500165443530523,0.012145049548929,1.0177461242201613,0.017746124220161308
0.6,25,32,134,0.006877245027483052,0.006998898288732579,0.01738177299209709,0.24999990857766508,22879.520094032127,1.0182938484160091,4.748805515486509e-16,1.1102230246251565e-16,0.0,0.9999997260475537,-6.751270298366308e-08,6.572303057339468e-08,25.50009847334834,0.0067557774979034,1.01797980019581,0.017979800195810025
0.6,26,32,135,0.003803820205043978,0.00384107682069501,0.00969952369874505,0.24999990857766508,22879.520094032127,1.0182938484160091,3.4076474281219404e-16,1.1102230246251565e-16,0.0,0.9999999157494739,-3.681830751389725e-08,3.5849193835701954e-08,26.500058376701006,0.0037361322422927,1.0181171217616594,0.01811712176165936
0.6,27,32,136,0.0020967006317672,0.0021080276543284705,0.005373279870409808,0.24999990857766508,22879.520094032127,1.0182938484160091,1.8323016715005025e-16,3.3306690738754696e-16,0.0,0.9999999743269024,-2.013375954845742e-08,1.960589646188282e-08,27.500034454670836,0.0020592319250287,1.0181954768101111,0.018195476810111133
0.6,28,32,137,0.0011534805410139397,0.0011569101059034589,0.002964417781484374,0.24999990857766508,22879.520094032127,1.0182938484160091,3.426892016683558e-16,1.6653345369377348e-16,0.0,0.9999999922173052,-1.1027405655283928e-08,1.0738935962706364e-08,28.500020250308957,0.001132818577781,1.018239428305822,0.018239428305822036
0.6,29,32,138,0.0006338897164111258,0.0006349257280345921,0.0016317052179838365,0.24999990857766508,22879.520094032127,1.0182938484160091,1.2718284406318045e-16,2.220446049250313e-16,0.0,0.9999999976475253,-6.045207889826543e-09,5.887255127845492e-09,29.500011836863237,0.0006225201043461,1.018263847200515,0.018263847200514993
0.6,30,32,139,0.0003481420646749478,0.00034845462760085485,0.0008969974887664822,0.24999990857766508,22879.520094032127,1.0182938484160091,2.0198686473404948e-16,1.1102230246251565e-16,0.0,0.9999999992900561,-3.315627772337848e-09,3.22907744987333e-09,30.500006872083482,0.0003418931665983,1.0182773412490862,0.0182773412490862
0.6,31,32,140,0.00019114172065356732,0.00019123595427816026,0.000492761023671684,0.24999990857766508,22879.520094032127,1.0182938484160091,3.152859917587847e-16,2.220446049250313e-16,0.0,0.9999999997859381,-1.8190462469647173e-09,1.7715668931828077e-09,31.50000394816793,0.0001877094954002,1.0182847716150414,0.018284771615041384
0.75,17,32,106,0.005700675912770635,0.005790500901335316,0.015512472944087974,0.24999754628671655,1995.1280651428601,1.0286342868496516,5.490399801466594e-16,1.1102230246251565e-16,0.0,0.9999993986019033,-6.586210758996458e-07,6.476510874264818e-07,17.50053633901517,0.0055444775712215,1.0281718772495139,0.028171877249513866
0.75,18,32,105,0.002714828574517634,0.002735238949407501,0.007462007988109587,0.24999754628671655,1995.1280651428601,1.0286342868496516,4.124305064134859e-16,1.1102230246251565e-16,0.0,0.9999998631379845,-3.09296737555087e-07,3.0418467389381476e-07,18.500281757705068,0.0026398311790374,1.0284099210872952,0.02840992108729523
0.75,19,32,108,0.0012874374442371037,0.0012920353934545762,0.0035586867362655816,0.24999754628671655,1995.1280651428601,1.0286342868496516,1.8829881230641998e-16,1.1102230246251565e-16,0.0,0.9999999691707873,-1.456838241153946e-07,1.432849687788007e-07,19.50014578086831,0.0012517296511854,1.0285267613640758,0.028526761364075837
0.75,20,32,107,0.0006092828213822447,0.0006103143048255187,0.0016900856413137877,0.24999754628671655,1995.1280651428601,1.0286342868496516,1.9094833136543143e-16,2.220446049250313e-16,0.0,0.9999999930898755,-6.872162661153425e-08,6.759206794271222e-08,20.500073899666184,0.0005923515965361,1.0285830661133584,0.02858306611335837
0.75,21,32,110,0.0002880611284482136,0.00028829206425895915,0.0008010481014770754,0.24999754628671655,1995.1280651428601,1.0286342868496516,1.5854932113295445e-16,2.636779683484747e-16,0.0,0.9999999984548275,-3.2440564901037305e-08,3.190780351047806e-08,21.500036072755577,0.0002800489400716,1.0286099578686678,0.028609957868667824
0.75,22,32,109,0.00013612787422033316,0.00013617952857659563,0.0003793107290235298,0.24999754628671655,1995.1280651428601,1.0286342868496516,1.637619618903574e-16,1.6653345369377348e-16,0.0,0.9999999996548745,-1.531909443741597e-08,1.506760405334262e-08,22.500016317986955,0.0001323399415333,1.0286227471702487,0.028622747170248708
0.75,23,32,112,6.431510599058776e-05,6.432665446762298e-05,0.00017952864377590583,0.24999754628671655,1995.1280651428601,1.0286342868496516,1.6002824065886045e-16,1.1102230246251565e-16,0.0,0.9999999999229552,-7.235159138474501e-09,7.116415901009532e-09,23.50000603555796,6.252508672339005e-05,1.0286288170237448,0.028628817023744757
0.75,24,32,111,3.0383178657173874e-05,3.038576002023346e-05,8.4953052280623e-05,0.24999754628671655,1995.1280651428601,1.0286342868496516,2.1766290348888481e-16,1.6653345369377348e-16,0.0,0.9999999999828052,-3.4174147955923218e-09,3.3613298811019376e-09,24.500000715877057,2.953747083995653e-05,1.0286316936815498,0.02863169368154983
1.0,10,32,75,0.009745985400372487,0.010090494593230396,0.034141953070272235,0.24993414400193223,222.25793401047142,1.0511073055682665,1.6514567491299204e-15,1.1379786002407855e-15,0.0,0.9999879653196562,-1.1530193273046052e-05,1.1424508072899187e-05,10.50385428651374,0.0092918832832236,1.048870837408038,0.04887083740803799
1.0,11,32,78,0.0036628847580470886,0.003712085512101058,0.013254208151611713,0.24993414400193223,222.25793401047142,1.0511073055682665,3.58046925441613e-15,4.954370247389761e-15,0.0,0.9999983057931922,-4.195165439035975e-06,4.157691882333836e-06,11.501647758598583,0.0034877194861532,1.0502234404427657,0.05022344044276572
1.0,12,32,77,0.0013587350351600821,0.0013655999437723445,0.005027027603192957,0.24993414400193223,222.25793401047142,1.0511073055682665,4.2413988987632933e-16,1.1102230246251565e-16,0.0,0.999999767210206,-1.5366083472301284e-06,1.5230212655481523e-06,12.50064906632743,0.001293087290259,1.0507682237661875,0.050768223766187504
1.0,13,32,80,0.0005014270993238694,0.0005023761441787231,0.0018891121042485803,0.24993414400193223,222.25793401047142,1.0511073055682665,2.5969352536459045e-16,3.3306690738754696e-16,0.0,0.9999999683155042,-5.643637006613744e-07,5.593928813496518e-07,13.500204615356969,0.0004771048762346,1.050978776996003,0.05097877699600306
1.0,14,32,79,0.0001846831306121143,0.00018481385517833262,0.0007073309849642273,0.24993414400193223,222.25793401047142,1.0511073055682665,2.9603462693358895e-16,1.1102230246251565e-16,0.0,0.9999999957028965,-2.0749306361977915e-07,2.056682086859496e-07,14.500011715182529,0.0001757115077305,1.0510588236222675,0.051058823622267546
1.0,15,32,82,6.797123844791039e-05,6.798921776374488e-05,0.0002644436342387202,0.24993414400193223,222.25793401047142,1.0511073055682665,3.7491711124548743e-16,1.1102230246251565e-16,0.0,0.9999999994179956,-7.631569953758799e-08,7.564487791711372e-08,15.499928692978948,6.466743995426304e-05,1.0510890565017574,0.051089056501757435
1.0,16,32,81,2.5009364378275796e-05,2.5011835436609966e-05,9.879556182235127e-05,0.24993414400193223,222.25793401047142,1.0511073055682665,3.3608234467977227e-16,3.608224830031759e-16,0.0,0.9999999999212114,-2.8072732582984372e-08,2.7826032145128465e-08,16.499893548068705,2.379350567207668e-05,1.0511004440857157,0.05110044408571568
1.0,17,32,84,9.201000557592437e-06,9.201340043092151e-06,3.689522375271981e-05,0.24993414400193223,222.25793401047142,1.0511073055682665,3.298634287810312e-16,1.1102230246251565e-16,0.0,0.9999999999893362,-1.0327084964956157e-08,1.023632467678226e-08,17.499878752685653,8.753647774882299e-06,1.0511047273336462,0.05110472733364624
1.25,8,32,61,0.0032386936805787305,0.0032966830770230003,0.017590224807607524,0.2495259156652363,72.61427703236527,1.0803375215678046,9.072603779358701e-16,4.440892098500626e-16,0.0,0.99999455133574,-1.345669483043821e-05,1.3385293121004338e-05,8.502412125856896,0.0030040460895141,1.0781105163078855,0.07811051630788546
1.25,9,32,64,0.0009394290768640907,0.000944515515294901,0.0053852354444619,0.2495259156652363,72.61427703236527,1.0803375215678046,1.9979677634562876e-15,3.552713678800501e-15,0.0,0.9999995435828127,-3.838719573323601e-06,3.8187494730834715e-06,9.500272559052606,0.0008701266943292,1.0796463124123752,0.07964631241237519
1.25,10,32,63,0.00027016878142695634,0.0002706082258408634,0.0016239137318962982,0.2495259156652363,72.61427703236527,1.0803375215678046,1.1685531015048767e-15,3.3306690738754696e-16,0.0,0.9999999623121267,-1.0984602170083235e-06,1.0927808311578247e-06,10.499485401366709,0.0002501268392383,1.0801271157053325,0.08012711570533249
1.25,11,32,66,7.749281315849518e-05,7.7530554773233e-05,0.0004867966551795888,0.2495259156652363,72.61427703236527,1.0803375215678046,5.170560160583371e-16,1.6653345369377348e-16,0.0,0.9999999969011305,-3.1460778249225996e-07,3.12984259842608e-07,11.499201595137368,7.173440761849054e-05,1.0802739679768447,0.08027396797684472
1.25,12,32,65,2.22096441184344e-05,2.2212875845762967e-05,0.0001454889205255716,0.2495259156652363,72.61427703236527,1.0803375215678046,1.8114138390212114e-16,4.440892098500626e-16,0.0,0.9999999997455068,-9.012837764998949e-08,8.966352105233e-08,12.499102926272377,2.0558424347738923e-05,1.0803184010002733,0.08031840100027332
1.25,13,32,68,6.363819316976303e-06,6.364095481870942e-06,4.339420981747111e-05,0.2495259156652363,72.61427703236527,1.0803375215678046,2.204800159574444e-16,1.1102230246251565e-16,0.0,0.9999999999791074,-2.582156799491031e-08,2.5688423832548324e-08,13.499068948107077,5.890615648953589e-06,1.0803317846932985,0.08033178469329849
1.25,14,32,67,1.8233203217613542e-06,1.823343883232288e-06,1.2922121356506722e-05,0.2495259156652363,72.61427703236527,1.0803375215678046,9.069351172841245e-16,2.7755575615628914e-16,0.0,0.9999999999982849,-7.397957801913435e-09,7.359803433359957e-09,14.499057517345129,1.6877347912936266e-06,1.080335803449192,0.08033580344919189
1.25,15,32,70,5.223947607092256e-07,5.223967688717368e-07,3.844132718366922e-06,0.2495259156652363,72.61427703236527,1.0803375215678046,2.85415692511217e-16,3.3306690738754696e-16,0.0,0.9999999999998591,-2.1195534216644774e-09,2.108611063533772e-09,15.499053695339086,4.83547965520689e-07,1.0803370047203198,0.0803370047203198
1.5,6,32,51,0.004714229140093783,0.004891942928649264,0.0363278540137324,0.2482326236872739,39.639824119753904,1.11684291255957,3.913536161803677e-15,1.1102230246251565e-15,0.0,0.9999730609841274,-4.581255156299591e-05,4.56609551955367e-05,6.502990602182564,0.0042484644339567,1.1096313064114096,0.10963130641140961
1.5,7,32,52,0.0010814884777883378,0.001091540009106489,0.009208578003823464,0.2482326236872739,39.639824119753904,1.11684291255957,1.2516029879172663e-15,6.661338147750939e-16,0.0,0.9999985962182302,-1.0152298510313074e-05,1.012044756532049e-05,7.498477855096976,0.0009699597699121,1.114982818190846,0.1149828181908461
1.5,8,32,53,0.00024300749882676516,0.00024355549704034945,0.0022499932058339667,0.2482326236872739,39.639824119753904,1.11684291255957,2.3180242447740085e-15,5.551115123125783e-16,0.0,0.999999929376665,-2.2619588788685974e-06,2.2549597753496187e-06,8.49706057838971,0.0002176735943328,1.1163848310201203,0.11638483102012032
1.5,9,32,54,5.43151029913028e-05,5.43445770596436e-05,0.000542355280609752,0.2482326236872739,39.639824119753904,1.11684291255957,7.001506579368266e-16,4.440892098500626e-16,0.0,0.9999999964758941,-5.045649880131009e-07,5.03009146335387e-07,9.49663282523,4.863754688368972e-05,1.1167319585667057,0.1167319585667057
1.5,10,32,55,1.2124340043917225e-05,1.2125914182516962e-05,0.0001298160762185363,0.2482326236872739,39.639824119753904,1.11684291255957,1.1213699782110231e-15,3.3306690738754696e-16,0.0,0.9999999998244619,-1.1257751797444371e-07,1.1223064966259244e-07,10.496511603762443,1.0856163639777553e-05,1.1168162572175135,0.11681625721751354
1.5,11,32,56,2.7055735198485497e-06,2.7056571734911264e-06,3.0918049557904226e-05,0.2482326236872739,39.639824119753904,1.11684291255957,8.496960188404679e-16,3.3306690738754696e-16,0.0,0.9999999999912599,-2.5119189395184094e-08,2.504181306761666e-08,11.496477706664567,2.422533121087373e-06,1.1168365444820552,0.11683654448205516
1.5,12,32,57,6.037092909851447e-07,6.03713718427823e-07,7.333679098553425e-06,0.2482326236872739,39.639824119753904,1.11684291255957,6.982363634760319e-16,5.551115123125783e-16,0.0,0.999999999999565,-5.604827713057148e-09,5.5875819526818304e-09,12.496468560693941,5.405506033977752e-07,1.1168413968837863,0.11684139688378625
1.5,13,32,58,1.347065056642653e-07,1.3470673867660422e-07,1.7297749258515793e-06,0.2482326236872739,39.639824119753904,1.11684291255957,9.65521421630389e-16,4.440892098500626e-16,0.0,0.9999999999999781,-1.02426067627448e-09,1.2467724630482735e-09,13.496466111272216,1.2061369369171066e-07,1.1168425536206192,0.11684255362061924
