beta,eta,m,m_next,exchange,pinning,stretch
0.6,1.25,27,28,0.6005413327146725,0.6106415640257815,0.6078753284111963
0.6,1.25,28,29,0.600301244117558,0.6059198923372708,0.604372855445571
0.6,1.25,29,30,0.6001667539428098,0.6032733266418228,0.6024156229449255
0.6,1.25,30,31,0.60009205344234,0.6018038194587303,0.6013306075763545
0.6,2.0,27,28,0.6001755925250004,0.6063642830264535,0.6055680418436021
0.6,2.0,28,29,0.600099198498749,0.603521587542128,0.6030804661600794
0.6,2.0,29,30,0.6000554736233529,0.6019412658535435,0.6016982872649412
0.6,2.0,30,31,0.600030849557277,0.6010678730331136,0.6009344735114678
0.6,4.0,27,28,0.5997167369707141,0.6089065097542513,0.6083479125304556
0.6,4.0,28,29,0.5998472962935972,0.6049439826171381,0.6046333000653208
0.6,4.0,29,30,0.5999172242664044,0.6027301852920326,0.6025588481923045
0.6,4.0,30,31,0.5999549901818139,0.601503345245845,0.6014093106763804
0.75,1.25,20,21,0.7502573954364469,0.754173183288894,0.7527942994780982
0.75,1.25,21,22,0.7501246022680434,0.7519803035130571,0.7513275642391956
0.75,1.25,22,23,0.7500603301720714,0.7509370739885102,0.7506294555340437
0.75,1.25,23,24,0.7500292466047863,0.7504427838490652,0.750298176110604
0.75,2.0,20,21,0.7500886853568154,0.7521887782857104,0.7518828107577743
0.75,2.0,21,22,0.7500445748274327,0.7510341130444704,0.7508942807714962
0.75,2.0,22,23,0.7500223608342297,0.7504876967757158,0.7504242312766037
0.75,2.0,23,24,0.7500112150756489,0.7502297778115451,0.7502011461065065
0.75,4.0,20,21,0.74986713081156,0.7529038310683129,0.7527342313097154
0.75,4.0,21,22,0.7499398987125827,0.7513737456641763,0.7512994235687298
0.75,4.0,22,23,0.7499729256743108,0.7506484081857658,0.7506164105334366
0.75,4.0,23,24,0.7499878737192156,0.7503056914561321,0.7502921747291592
1.0,1.25,13,14,1.0005922179021798,1.0059141411255166,1.0031868538846167
1.0,1.25,14,15,1.0002715163366616,1.0021621585188356,1.0011960782836116
1.0,1.25,15,16,1.0001253566464876,1.0007811483600517,1.000447965954035
1.0,1.25,16,17,1.000057556513868,1.0002795500689687,1.000167705972103
1.0,2.0,13,14,1.0002800755980783,1.0021541655878254,1.0019843378894497
1.0,2.0,14,15,1.0001240980023982,1.0007709024074194,1.000751649414661
1.0,2.0,15,16,1.0000545591781902,1.000273727651356,1.0002846990434975
1.0,2.0,16,17,1.000023781863791,1.0000965243114126,1.000107925104454
1.0,4.0,13,14,0.9999425337824277,1.0023514447836994,1.0026349484307968
1.0,4.0,14,15,0.9999990169932843,1.0008385388572816,1.000998010735528
1.0,4.0,15,16,1.000008176210483,1.0002965939707205,1.0003777466096515
1.0,4.0,16,17,1.0000065533067648,1.0001041931810126,1.0001430660604729
1.25,1.25,11,12,1.250145071362141,1.2520611117573843,1.250753138407116
1.25,1.25,12,13,1.2500345980258898,1.2506202536862074,1.2502258051090995
1.25,1.25,13,14,1.2500069843319095,1.2501869080346288,1.250067683088924
1.25,1.25,14,15,1.2500009008420165,1.2500564323538947,1.2500202907629006
1.25,2.0,11,12,1.2501819011220727,1.250343617320527,1.2504517816894272
1.25,2.0,12,13,1.2500682360661157,1.2500811243727845,1.2501404666009686
1.25,2.0,13,14,1.2500249742848346,1.2500174429403397,1.250043718376481
1.25,2.0,14,15,1.2500089367002027,1.2500031022059015,1.2500136129400468
1.25,4.0,11,12,1.2500744291642254,1.250199113593777,1.2505597326705722
1.25,4.0,12,13,1.2500351244223884,1.250036794527953,1.250175483209375
1.25,4.0,13,14,1.2500146845147575,1.2500040415393456,1.2500550470872915
1.25,4.0,14,15,1.250005721248145,1.2499991024907307,1.250017267578451
1.5,1.25,9,10,1.500237749209627,1.5033018918128953,1.5007608207199787
1.5,1.25,10,11,1.500053748261898,1.5007893342025271,1.500182604447427
1.5,1.25,11,12,1.5000117776702846,1.5001878727044275,1.5000437298743097
1.5,1.25,12,13,1.500002499434635,1.500044597105838,1.5000104539166317
1.5,2.0,9,10,1.500319089787569,1.5002670398105333,1.5004331358240033
1.5,2.0,10,11,1.5001021302549011,1.5000286812422057,1.5001108393421672
1.5,2.0,11,12,1.500031194626555,1.4999979711668587,1.500028291252595
1.5,2.0,12,13,1.5000091807584144,1.4999973291665407,1.5000071962991282
1.5,4.0,9,10,1.500136050046101,1.4999704972429826,1.5005250777478547
1.5,4.0,10,11,1.5000517666976565,1.4999618248628048,1.5001380321969506
1.5,4.0,11,12,1.500017352602138,1.4999833880190496,1.5000360596795084
1.5,4.0,12,13,1.5000053988033477,1.4999942586819306,1.5000093559984107
