beta,eta,m,epsilon,Rfit,x_asym,residual,points,exchange,exchange_theory,exchange_error,exchange_overlap,exchange_krein,pinning,pinning_theory,pinning_error,pinning_overlap,pinning_krein,stretch,stretch_theory,stretch_error,stretch_overlap,stretch_krein,epsilon_fold_numerical,fold_ratio,eta_numerical,sum_residual_signed,sum_residual_absolute
0.6,1.25,27,0.0025876956558359,27.347179364362336,0.1750882279662333,3.0086610286472753e-16,136,0.0006269542177633,0.0006265736816142,0.000606960027253,0.9999999949145936,-4.57028506706341e-07,0.0010349828791019,0.0010227193568336,0.0118490097913052,0.999999963487466,3.737393091377004e-06,0.0012100076165727,0.0011993954566088,0.008770324928978,0.9999999633637346,5.1073864057589256e-06,0.0020592319250287,0.9947228146713396,1.256631477194991,-9.747779835858606e-05,9.747779835858606e-05
0.6,1.25,28,0.0014201574865927,28.34852214022504,0.1750882279662333,1.4972832002024816e-16,137,0.0004643334116091,0.0004641771999394,0.0003364213423668,0.9999999984651488,-2.506706167100781e-07,0.0007626653837005,0.0007576491341862,0.0065772613015572,0.999999988973103,2.029165336345943e-06,0.0008928729245845,0.0008885340080587,0.0048595006146405,0.9999999889335848,2.7808786906320013e-06,0.001132818577781,0.997088869082894,1.2536495379291435,-5.261416816188915e-05,5.261416816188915e-05
0.6,1.25,29,0.0007793989537281,29.349265620205387,0.1750882279662333,1.641753139686175e-16,138,0.0003439348437154,0.0003438709273401,0.0001858386158082,0.9999999995371868,-1.3752470745622926e-07,0.000563326526168,0.0005612802834889,0.0036324273473632,0.9999999966739096,1.1069811562875626e-06,0.0006600118842718,0.0006582421828652,0.0026813174864562,0.9999999966613372,1.5194845130035671e-06,0.0006225201043461,0.9983977098128488,1.2520060770515786,-2.815423407910802e-05,2.815423407910802e-05
0.6,1.25,30,0.0004277432149655,30.34967566927055,0.1750882279662333,2.3923259749071557e-16,139,0.000254771955952,0.0002547458485363,0.0001024736637528,0.999999999860516,-7.546115296997676e-08,0.0004166400968894,0.0004158066609179,0.0020003738903531,0.9999999989974088,6.055158852608083e-07,0.0004883586282268,0.0004876378026878,0.0014760167985411,0.9999999989934232,8.318892384931618e-07,0.0003418931665983,0.9991191988455248,1.2511019720615466,-1.496939047814572e-05,1.496939047814572e-05
0.6,1.25,31,0.0002347504536333,31.349901330917604,0.1750882279662333,1.907043858766222e-16,140,0.000188731020218,0.0001887203662387,5.64505999730569e-05,0.9999999999579736,-4.14097276529676e-08,0.0003083763221763,0.0003080371506888,0.0010998622886163,0.9999999996978972,3.317083169074685e-07,0.000361544353157,0.0003612509693243,0.0008114739730133,0.999999999696638,4.5594081216525314e-07,0.0001877094954002,0.9995161483978656,1.250605107284572,-7.916284920314721e-06,7.916284920314721e-06
0.6,2.0,27,0.0041403130493375,27.20531573008384,0.1037744620303048,1.244664094013359e-16,136,0.0006540961603725,0.0006539655245453,0.0001997196056963,0.9999999869233728,-4.975040218799355e-07,0.001724865261633,0.0017126656624677,0.0070727838496357,0.999999911683246,1.0382766482917295e-05,0.0018446949822143,0.0018332742780855,0.0061911070604718,0.9999999115676266,1.1873903534265272e-05,0.0020592319250287,0.9947228146713396,2.0106103635120145,-3.0086223051669663e-05,3.0086223051669663e-05
0.6,2.0,28,0.0022722519785483,28.206316077332172,0.1037744620303048,1.2508982565051507e-16,137,0.0004845238124346,0.0004844695762808,0.0001119370243969,0.9999999960482172,-2.729583980568504e-07,0.0012737518993745,0.001268773928692,0.0039081163961297,0.999999973294311,5.660975355409527e-06,0.0013627843480673,0.0013581229887128,0.0034204673403327,0.9999999732570022,6.47950193798824e-06,0.001132818577781,0.997088869082894,2.005839260686612,-1.4024823953634569e-05,1.4024823953634569e-05
0.6,2.0,29,0.001247038325965,29.20687010111737,0.1037744620303048,2.0480579038251174e-16,138,0.0003589262656909,0.0003589038894747,6.234209708833038e-05,0.9999999988075586,-1.4977901920173402e-07,0.0009419585598407,0.0009399308443009,0.0021526589663686,0.9999999919389784,3.0955666767361524e-06,0.0010080216912657,0.0010061222559652,0.0018843198683483,0.99999999192699,3.544837404780384e-06,0.0006225201043461,0.9983977098128488,2.00320972328259,-6.163320711550822e-06,6.163320711550822e-06
0.6,2.0,30,0.0006843891439448,30.20717569421525,0.1037744620303048,2.3302215192144704e-16,139,0.0002658917424136,0.0002658825407964,3.460662993859387e-05,0.999999999640481,-8.219326586643914e-08,0.0006971430657375,0.0006963178956389,0.0011836452790524,0.999999997569192,1.695490905513385e-06,0.0007461269976713,0.0007453536994524,0.001036416349107,0.9999999975653552,1.9420727284977883e-06,0.0003418931665983,0.9991191988455248,2.0017631552984745,-2.4719275102578585e-06,2.4719275102578585e-06
0.6,2.0,31,0.0003756007258133,31.207343878287947,0.1037744620303048,1.869045960752394e-16,140,0.0001969744091987,0.0001969706307831,1.9182266142059312e-05,0.9999999998916548,-4.510644284645248e-08,0.0005161806042549,0.000515844984476,0.0006501983532083,0.999999999267382,9.294824738832008e-07,0.0005524862726077,0.0005521716014068,0.0005695547862371,0.9999999992661582,1.064814715977638e-06,0.0001877094954002,0.9995161483978656,2.0009681716554217,-8.277659730075363e-07,8.277659730075363e-07
0.6,4.0,27,0.008280626098675,27.10248055102671,0.0523009208033145,2.4036762164003633e-16,136,0.0006742695295931,0.0006744777987888,0.0003088812212357,0.9999999479040828,-5.288055445958802e-07,0.0026694858623443,0.0026430338746791,0.0099090195750012,0.9999996584918408,2.4879371186614333e-05,0.0027533179904072,0.0027277368574993,0.0092910201426165,0.999999658457845,2.646360131086724e-05,0.0020592319250287,0.9947228146713396,4.021220727024029,-4.512937231089817e-06,4.512937231089817e-06
0.6,4.0,28,0.0045445039570967,28.10342532129737,0.0523009208033145,1.3183898417423734e-16,137,0.0004995819047044,0.000499665442788,0.0001672159916459,0.9999999842036504,-2.902307010621007e-07,0.0019688165733855,0.0019580076522413,0.0054900600138904,0.9999998963498982,1.3528192198656458e-05,0.0020312122251885,0.0020207571652606,0.0051472021476836,0.9999998963373348,1.439831047011894e-05,0.001132818577781,0.997088869082894,4.0116785213733115,5.634293231759004e-07,5.634293231759004e-07
0.6,4.0,29,0.00249407665193,29.10395240001564,0.0523009208033145,7.209944447028603e-17,138,0.0003701276365801,0.0003701612642624,9.08542864090922e-05,0.999999995224676,-1.5928632989072565e-07,0.001454934157125,0.0014505277450145,0.0030285989842681,0.9999999686495996,7.386353492313947e-06,0.0015012770612479,0.0014970137275982,0.0028398046968135,0.9999999686451148,7.864089415173719e-06,0.0006225201043461,0.9983977098128488,4.00641944656518,2.1943507494964728e-06,2.1943507494964728e-06
0.6,4.0,30,0.0013687782878896,30.104244302608603,0.0523009208033145,2.0534789146875452e-16,139,0.0002742086458324,0.0002742222091561,4.946351588897002e-05,0.9999999985587852,-8.741941896088707e-08,0.0010763713834767,0.0010745773831111,0.0016667113165209,0.9999999905356172,4.042222694841271e-06,0.0011107513697,0.0011090150460154,0.001563197428312,0.9999999905340694,4.304472035002495e-06,0.0003418931665983,0.9991191988455248,4.003526310596949,2.3251310092545755e-06,2.3251310092545755e-06
0.6,4.0,31,0.0007512014516266,31.10440530622237,0.0523009208033145,2.083158949159336e-16,140,0.0002031433327719,0.0002031488090584,2.695774687122565e-05,0.9999999995654312,-4.7977151124008434e-08,0.0007967963779206,0.0007960665049412,0.0009160094091746,0.999999997145778,2.214952660000414e-06,0.0008222852214537,0.0008215785530983,0.0008593956658206,0.9999999971452632,2.358897105122596e-06,0.0001877094954002,0.9995161483978656,4.0019363433108435,1.9284157963616138e-06,1.9284157963616138e-06
0.75,1.25,20,0.000741656087868,20.363637622934437,0.1822923026245515,1.8388068845354155e-16,107,0.0018457659476984,0.001845305274876,0.0002495835525622,0.9999999987976712,-2.2973825670796022e-06,0.0025522281652305,0.0025421296462692,0.0039567461479115,0.9999999921715376,1.320009184776608e-05,0.0031496328023684,0.0031412695993699,0.0026552946083741,0.999999990512053,2.009212402926974e-05,0.0005923515965361,0.9983596275716328,1.252053834589101,-5.3804563876704723e-05,5.3804563876704723e-05
0.75,1.25,21,0.0003503335295456,21.36413577297463,0.1822923026245515,1.7157499379583108e-16,110,0.001268411894789,0.0012682585315187,0.0001209096753329,0.9999999997310678,-1.084940112710982e-06,0.0017504627407717,0.0017471784511775,0.0018762407892202,0.999999998252494,6.208686917438779e-06,0.0021616865465831,0.0021589609174389,0.0012608808379042,0.999999997862632,9.465931343247776e-06,0.0002800489400716,0.999222585242007,1.2509725245024328,-2.136066139891999e-05,2.136066139891999e-05
0.75,1.25,22,0.000165485841661,22.364372091951,0.1822923026245515,1.5880173695123623e-16,109,0.0008717115860673,0.0008716604914479,5.861413359986578e-05,0.9999999999398242,-5.124300942361359e-07,0.0012018836381019,0.0012008170176289,0.0008874573537606,0.999999999609867,2.926832431940929e-06,0.0014847181310644,0.0014838306918845,0.0005977155941956,0.9999999995187936,4.465843189683643e-06,0.0001323399415333,0.9996319035887264,1.250460289944738,-7.911542897893104e-06,7.911542897893104e-06
0.75,1.25,23,7.816997655288293e-05,23.36448403222145,0.1822923026245515,8.700637730901448e-17,112,0.0005990999551277,0.0005990829105178,2.8450360720411183e-05,0.9999999999865288,-2.4204169185668585e-07,0.0008256547983633,0.0008253086620061,0.00041922648293,0.9999999999128516,1.3812116533112571e-06,0.0010201097461166,0.0010198209260732,0.0002831264424942,0.9999999998916832,2.1082819582018617e-06,6.252508672339005e-05,0.9998257879911714,1.250217802954926,-2.6024506018359715e-06,2.6024506018359715e-06
0.75,1.25,24,3.692488235213125e-05,24.36453701802271,0.1822923026245515,3.523809526508395e-16,111,0.0004117489549099,0.0004117432615058,1.382736744748314e-05,0.9999999999969827,-1.1432949660984493e-07,0.0005673380729247,0.0005672257950901,0.0001979028730293,0.9999999999805173,6.521426702589902e-07,0.0007010059722878,0.0007009119887768,0.0001340694869331,0.999999999975619,9.956079641985023e-07,2.953747083995653e-05,0.999917567721501,1.2501030488426743,-6.464592673301915e-07,6.464592673301915e-07
0.75,2.0,20,0.0011866497405889,20.21827398266213,0.1094944408244096,2.1759937601784074e-16,107,0.0019490307224678,0.001948857144057,8.905883771337386e-05,0.9999999967733504,-2.5615986526617296e-06,0.0044086306406606,0.0043995038052165,0.0020702200270377,0.9999999854801418,3.943838159666292e-05,0.0048204569088631,0.0048118268776065,0.0017902932065941,0.9999999834664116,4.71316804168245e-05,0.0005923515965361,0.9983596275716328,2.0032861353427305,8.864933573994546e-05,8.864933573994546e-05
0.75,2.0,21,0.000560533647273,21.218650190388296,0.1094944408244096,1.0232158002831947e-16,110,0.0013394885217606,0.0013394286210055,4.471912534953493e-05,0.9999999992793728,-1.209908075658942e-06,0.0030266903832051,0.0030237317973254,0.0009774986883801,0.999999996756062,1.858615100185963e-05,0.0033099308984203,0.0033071170243772,0.0008501307517998,0.9999999962821764,2.2222928147075017e-05,0.0002800489400716,0.999222585242007,2.001556039204035,5.096703366465872e-05,5.096703366465872e-05
0.75,2.0,22,0.0002647773466577,22.21882858517324,0.1094944408244096,1.1484072698873804e-16,109,0.0009205955821464,0.0009205749309229,2.243245995270371e-05,0.9999999998391276,-5.714967008236282e-07,0.0020791365415133,0.0020781784462411,0.0004608140221401,0.999999999275931,8.769821984199297e-06,0.0022738630566732,0.0022729460745615,0.0004032705966784,0.9999999991647366,1.0488352972746989e-05,0.0001323399415333,0.9996319035887264,2.0007364639123364,2.866603256733399e-05,2.866603256733399e-05
0.75,2.0,23,0.0001250719624846,23.218913051567384,0.1094944408244096,1.1085967213664283e-16,112,0.0006327083997282,0.000632701280347,1.1252231142400149e-05,0.999999999964094,-2.699507549637432e-07,0.0014286198450008,0.001428309765516,0.0002170482833052,0.9999999998384334,4.140415964529901e-06,0.0015624702407652,0.0015621714683161,0.0001912180093366,0.9999999998124112,4.952342192367067e-06,6.252508672339005e-05,0.9998257879911714,2.0003484847276787,1.5840924994316966e-05,1.5840924994316966e-05
0.75,2.0,24,5.907981176341001e-05,24.21895301608906,0.1094944408244096,1.878244738559576e-16,111,0.0004348512612824,0.0004348488066598,5.64474069308929e-06,0.999999999991987,-1.2751456762460236e-07,0.0009817623028607,0.0009816619886315,0.0001021777154219,0.9999999999639492,1.9553133815088096e-06,0.0010737610480501,0.0010736637018068,9.065913079064902e-05,0.9999999999578728,2.338875117774156e-06,2.953747083995653e-05,0.999917567721501,2.0001648781482797,8.629552064776685e-06,8.629552064776685e-06
0.75,4.0,20,0.0023732994811778,20.11111098701909,0.0559015521228568,1.5956745473555412e-16,107,0.0020285411624507,0.0020287864112613,0.0001208991048007,0.9999999868166508,-2.775023344087389e-06,0.0068782410767039,0.0068593386361363,0.0027481503420494,0.9999999526992538,9.606985741752072e-05,0.0071717177391771,0.0071530763191588,0.002599296388433,0.9999999504420528,0.0001044078310074,0.0005923515965361,0.9983596275716328,4.006572270685461,0.0001624576914681464,0.0001624576914681464
0.75,4.0,21,0.001121067294546,21.111474830586843,0.0559015521228568,1.6284716630732274e-16,110,0.0013942872183673,0.0013943631494167,5.4458685693425934e-05,0.9999999970531662,-1.3109524054582847e-06,0.0047204826289644,0.0047143499042131,0.0012991732484332,0.9999999894068288,4.5238744291778616e-05,0.0049223107425681,0.0049162326645314,0.0012348017739058,0.9999999888750302,4.918131549743572e-05,0.0002800489400716,0.999222585242007,4.00311207840807,8.873399856208227e-05,8.873399856208227e-05
0.75,4.0,22,0.0005295546933154,22.111647681683618,0.0559015521228568,1.336821278674627e-16,109,0.0009583074540623,0.0009583308433353,2.440685700699774e-05,0.9999999993419184,-6.192779202272366e-07,0.0032421094197477,0.0032401221456349,0.0006129571385317,0.9999999976324428,2.133766586767212e-05,0.0033808541057642,0.0033788740023744,0.0005856814070633,0.9999999975073736,2.320092728014159e-05,0.0001323399415333,0.9996319035887264,4.001472927824673,4.7927381621039244e-05,4.7927381621039244e-05
0.75,4.0,23,0.0002501439249692,23.11172957513516,0.0559015521228568,1.408920723144913e-16,112,0.0006586433550645,0.000658650514159,1.0869455392192862e-05,0.9999999998531036,-2.925324516549794e-07,0.0022275447486558,0.0022269012126681,0.0002888992412519,0.9999999994713398,1.00721444839451e-05,0.0023229087370028,0.0023222638762175,0.0002776091781361,0.9999999994419702,1.095249976022563e-05,6.252508672339005e-05,0.9998257879911714,4.000696969455357,2.563499714722386e-05,2.563499714722386e-05
0.75,4.0,24,0.0001181596235268,24.11176832489557,0.0559015521228568,2.5077596249589722e-16,111,0.0004526812611444,0.0004526834368517,4.806267477786008e-06,0.9999999999672168,-1.3818396253221233e-07,0.0015307336397993,0.0015305253283934,0.0001360859920721,0.999999999881998,4.7561698908267145e-06,0.0015962770576091,0.0015960670646478,0.0001315517004337,0.9999999998751052,5.172069333947947e-06,2.953747083995653e-05,0.999917567721501,4.000329756295881,1.3596184852474599e-05,1.3596184852474599e-05
1.0,1.25,13,0.0005974367953649,13.38769447043719,0.1943840241688328,3.044981801425539e-16,80,0.0096761566860929,0.0096708666631742,0.0005467070336135,0.9999999869421704,-2.875777377927405e-05,0.0103899864027846,0.0103418406990637,0.0046338562779952,0.999999944979514,0.000100621236949,0.0141952171931396,0.0141590723941121,0.0025462660088763,0.9999998847540336,0.0001882108992644,0.0004771048762346,0.9982329510338264,1.2522127211945135,-0.00037534953008941055,0.00037534953008941055
1.0,1.25,14,0.0002197847144141,14.388366578447934,0.1943840241688328,2.9529262607179423e-16,79,0.0058671481259786,0.005865677137208,0.0002507161467573,0.99999999695398,-1.0580394288943084e-05,0.0062832378314056,0.0062726434618461,0.0016861321891369,0.9999999877380064,3.6828695257095054e-05,0.0085961262311615,0.0085879115201197,0.0009556294103764,0.9999999835535932,6.912206660392796e-05,0.0001757115077305,0.9993387631559504,1.2508270929596592,-0.00012340206057762177,0.00012340206057762177
1.0,1.25,15,8.08542779166912e-05,15.388618108358877,0.1943840241688328,2.030371855886448e-16,82,0.0035581221465461,0.003557713023692,0.0001149828019446,0.9999999993622668,-3.893730562895007e-06,0.0038068586456871,0.0038045505770556,0.0006062921811097,0.9999999974227026,1.353799690006832e-05,0.0052106969812178,0.0052088316398519,0.0003579830822267,0.999999997654713,2.5414156694404845e-05,6.466743995426304e-05,0.9997529138299523,1.2503089340458897,-3.841162268727162e-05,3.841162268727162e-05
1.0,1.25,16,2.9744626576312853e-05,16.38871205512799,0.1943840241688328,3.2741550356346627e-16,81,0.0021579749103948,0.0021578620273281,5.2309721529808506e-05,0.9999999998765328,-1.432859758201597e-06,0.0023080748352958,0.0023075765714116,0.0002158785653794,0.9999999994929007,4.981791079046077e-06,0.0031597396704172,0.0031593160908514,0.0001340552102465,0.9999999996654066,9.347597572622768e-06,2.379350567207668e-05,0.9999077316970189,1.250115346021508,-1.1055179371572117e-05,1.1055179371572117e-05
1.0,1.25,17,1.0942436602747204e-05,17.388747109206147,0.1943840241688328,4.637674792806745e-16,84,0.0013088402793612,0.0013088094790042,2.35325559020394e-05,0.9999999999774168,-5.272204672716113e-07,0.0013997224925846,0.0013996159401957,7.612393845268794e-05,0.9999999999055412,1.83338813108817e-06,0.0019163182910701,0.0019162220728248,5.020994983628846e-05,0.9999999999520942,3.438582040151833e-06,8.753647774882299e-06,0.9999655575665628,1.2500430545246992,-2.7613491723771497e-06,2.7613491723771497e-06
1.0,2.0,13,0.0009558988725839,13.23809842921524,0.119456107706093,5.247538514829841e-16,80,0.0104259308314001,0.0104233225245159,0.0002501749653306,0.9999999879709393,-3.341592681567579e-05,0.0191597966006371,0.019127759791342,0.0016720850415499,0.9999999636269754,0.0003493148285332,0.0218182309585095,0.0217834076095858,0.001596066564237,0.9999998483917694,0.0004518432906694,0.0004771048762346,0.9982329510338264,2.0035403539113474,0.0004986242169944081,0.0004986242169944081
1.0,2.0,14,0.0003516555430625,14.2386090118347,0.119456107706093,3.406563225949455e-16,79,0.0063227612177232,0.0063220646871921,0.0001101623969458,0.9999999983623816,-1.2293705288984762e-05,0.0116084940269968,0.0116015727650675,0.0005962239299287,0.9999999951105428,0.0001281660599045,0.0132203027340344,0.0132123045882313,0.0006049896106044,0.999999978309692,0.0001660557736777,0.0001757115077305,0.9993387631559504,2.0013233487351134,0.0002400861174681097,0.0002400861174681097
1.0,2.0,15,0.0001293668446667,15.23879936042174,0.119456107706093,1.167041994726975e-16,82,0.0038347105852473,0.0038345260654686,4.81183063464341e-05,0.9999999997768644,-4.522717679393556e-06,0.0070381941371537,0.0070367095829005,0.0002109282898868,0.999999999332756,4.710404754711549e-05,0.0080155059475549,0.0080136678182241,0.000229321685095,0.9999999968994976,6.106793067523203e-05,6.466743995426304e-05,0.9997529138299523,2.000494294473332,0.00011134312428941904,0.00011134312428941904
1.0,2.0,16,4.759140252210056e-05,16.238870206468278,0.119456107706093,3.1528429769289023e-16,81,0.0023258060931771,0.0023257576241739,2.0839657824622823e-05,0.9999999999695788,-1.6638344947967404e-06,0.0042682963178522,0.0042679801055228,7.408396835650866e-05,0.9999999999074248,1.7322528639704712e-05,0.0048609581059873,0.0048605352285054,8.699467732775634e-05,0.9999999995568016,2.246316850274744e-05,2.379350567207668e-05,0.9999077316970189,2.0001845536344125,5.0204090121105087e-05,5.0204090121105087e-05
1.0,2.0,17,1.7507898564395525e-05,17.238896556774048,0.119456107706093,5.528685690682489e-16,84,0.001410655929945,0.0014106433061219,8.948903036154476e-06,0.9999999999958538,-6.120937453791472e-07,0.0025887276409244,0.0025886607890431,2.5824223551906836e-05,0.9999999999869454,6.37179648853932e-06,0.0029481610322737,0.0029480636387018,3.3035363677602625e-05,0.9999999999365332,8.263449414527286e-06,8.753647774882299e-06,0.9999655575665628,2.0000688872395185,2.2150059565059306e-05,2.2150059565059306e-05
1.0,4.0,13,0.0019117977451678,13.124059611353784,0.0624175206031037,5.646524914304507e-16,80,0.0110349378166553,0.0110351367599483,1.802849244358917e-05,0.9999999483318012,-3.741530302809272e-05,0.0304674790463731,0.0304119837625669,0.0018214596528245,0.9999999513632002,0.0008903305912119,0.0324208505314723,0.0323521714833084,0.0021183604698219,0.9999998058869828,0.0010060031013333,0.0004771048762346,0.9982329510338264,4.007080707822695,0.0010221723148875123,0.0010221723148875123
1.0,4.0,14,0.0007033110861251,14.12454705321637,0.0624175206031037,2.145636099348813e-16,79,0.0066932204280916,0.0066931487790306,1.0704721557841523e-05,0.9999999930000968,-1.377061079219258e-05,0.0184577462179599,0.0184458005746796,0.0006471886187686,0.999999993492108,0.0003265487304122,0.0196383497908109,0.0196225839129073,0.0008028107285772,0.9999999722523012,0.000369324347136,0.0001757115077305,0.9993387631559504,4.002646697470795,0.00045943360307692095,0.00045943360307692095
1.0,4.0,15,0.0002587336893334,15.124728304938476,0.0624175206031037,2.8644621397067027e-16,82,0.0040596453971813,0.0040595999445002,1.1196219533604612e-05,0.9999999990520114,-5.066807043198166e-06,0.0111904961737421,0.011187943591488,0.00022810268771,0.9999999991233912,0.0001199975010176,0.0119053189537285,0.0119016987659621,0.0003040815437549,0.9999999960388968,0.000135766017617,6.466743995426304e-05,0.9997529138299523,4.000988588946664,0.00020244609148071312,0.00020244609148071312
1.0,4.0,16,9.518280504420113e-05,16.124795518509625,0.0624175206031037,8.183557997920587e-16,81,0.0024622893348332,0.0024622718325071,7.108151707124755e-06,0.9999999998716272,-1.8640980563103808e-06,0.0067863725535536,0.006785830807373,7.98285352575645e-05,0.9999999998807896,4.412670516704109e-05,0.0072195772449,0.00721874520422,0.0001152478395536,0.9999999994352368,4.993227162899744e-05,2.379350567207668e-05,0.9999077316970189,4.000369107268825,8.776265447859625e-05,8.776265447859625e-05
1.0,4.0,17,3.501579712879105e-05,17.12482041778744,0.0624175206031037,5.02005511135049e-16,84,0.0014934490811367,0.0014934433589623,3.8315162474988895e-06,0.9999999999826156,-6.857807464970677e-07,0.0041159285905307,0.0041158144362942,2.7734746603114147e-05,0.9999999999836224,1.6230902864826947e-05,0.0043785817247738,0.004378390291013,4.372049509093756e-05,0.9999999999196076,1.8367319378049247e-05,8.753647774882299e-06,0.9999655575665628,4.000137774479037,3.7533958676475066e-05,3.7533958676475066e-05
1.25,1.25,11,8.970640335244412e-05,11.412117801140212,0.2061990745103649,1.125076594388208e-15,66,0.0115926653811456,0.0115915809987554,9.354038563291756e-05,0.9999999979427892,-2.0349426137519224e-05,0.0097297092627131,0.0097153724726795,0.0014735065197156,0.999999986867972,4.476421457119613e-05,0.0151327258947176,0.0151245896583546,0.0005376583452081,0.9999999727187732,0.0001082829424829,7.173440761849054e-05,0.999572005699748,1.2505352219472576,-0.00025214028178242306,0.00025214028178242306
1.25,1.25,12,2.570131486955028e-05,12.412314678060971,0.2061990745103649,5.002034485397655e-16,65,0.0062046565569424,0.0062045262041874,2.100885904798844e-05,0.999999999745398,-5.832441419814538e-06,0.0052025737724146,0.0052002641483205,0.0004439387493913,0.9999999986202008,1.280854610414877e-05,0.0080969148568529,0.0080956094662944,0.0001612207342677,0.9999999975674746,3.103066393030588e-05,2.0558424347738923e-05,0.9998722075157128,1.2501597610216169,-6.874078437287365e-05,6.874078437287365e-05
1.25,1.25,13,7.363549995740286e-06,13.412373338813763,0.2061990745103649,2.5392840736734087e-16,68,0.0033210558806531,0.0033210435593368,3.710059909067809e-06,0.999999999970322,-1.6713408046146132e-06,0.0027838735815842,0.0027835008167061,0.0001339015106603,0.9999999998574434,3.6688930318002568e-06,0.0043334769246404,0.0043332674876606,4.833000924464592e-05,0.99999999978372,8.89135703704558e-06,5.890615648953589e-06,0.999961915849222,1.2500476070015447,-1.821310329643176e-05,1.821310329643176e-05
1.25,1.25,14,2.1096923956994243e-06,14.41239078506397,0.2061990745103649,3.9927269661083763e-16,67,0.0017776269070907,0.0017776265197444,2.1790081283779017e-07,0.999999999996702,-4.788872073900617e-07,0.0014899609007566,0.0014899006234339,4.045564060195517e-05,0.9999999999855348,1.0511472064798976e-06,0.0023194645535461,0.0023194309456001,1.4489527740635388e-05,0.9999999999808228,2.547522559764935e-06,1.6877347912936266e-06,0.999988668214172,1.2500141648927985,-4.663909310227129e-06,4.663909310227129e-06
1.25,1.25,15,6.044369912673514e-07,15.412395966520004,0.2061990745103649,3.4167551498872923e-16,70,0.0009514946890899,0.0009514949103316,2.3252019865083187e-07,0.9999999999996472,-1.3720814055631385e-07,0.0007974960975679,0.0007974863360505,1.2240207094116329e-05,0.9999999999985568,3.011639781322584e-07,0.001241507314701,0.001241501921293,4.344241828491136e-06,0.9999999999983042,7.298888264352171e-07,4.83547965520689e-07,0.9999966342786436,1.2500042071658557,-1.1396225084461426e-06,1.1396225084461426e-06
1.25,2.0,11,0.0001435302453639,11.259079180331147,0.1296465122076014,1.0469056177520029e-15,66,0.0127574341794512,0.0127555919723268,0.0001444026360243,0.9999999986969598,-2.453593620351148e-05,0.019621459100174,0.0196170910241278,0.0002226172897681,0.999999994211915,0.0001938339706401,0.0234071472232595,0.0233994740712992,0.0003278123509491,0.9999999560306324,0.0002754783749348,7.173440761849054e-05,0.999572005699748,2.0008563551154643,0.00025690540413776685,0.00025690540413776685
1.25,2.0,12,4.112210379128045e-05,12.259229783769054,0.1296465122076014,8.687576482854786e-16,65,0.0068279414097869,0.006827576380713,5.346107295811642e-05,0.9999999998853816,-7.03036338591764e-06,0.0105008059431938,0.0105002721649617,5.083212041556706e-05,0.9999999994232373,5.550579575793231e-05,0.012526113206376,0.0125248359179967,0.0001019700491508,0.9999999960700702,7.894874676975063e-05,2.0558424347738923e-05,0.9998722075157128,2.000255617634587,0.00010071608113113086,0.00010071608113113086
1.25,2.0,13,1.1781679993184456e-05,13.259274313447523,0.1296465122076014,5.935973013040248e-16,68,0.0036546089826493,0.0036545382868629,1.9344281891431336e-05,0.9999999999898788,-2.014304010382992e-06,0.005620448407455,0.0056203906788556,1.02711732705707e-05,0.9999999999406468,1.5900809101496936e-05,0.0067042743687836,0.0067040615654328,3.174144419515468e-05,0.9999999996490628,2.262170254478891e-05,5.890615648953589e-06,0.999961915849222,2.0000761712024713,3.754831100283797e-05,3.754831100283797e-05
1.25,2.0,14,3.375507833119079e-06,14.259287463309096,0.1296465122076014,3.621336900055255e-16,67,0.001956146797895,0.0019561333840036,6.857303065710418e-06,0.9999999999991108,-5.771149200230554e-07,0.0030083830058546,0.003008378343599,1.5497546484999347e-06,0.999999999993872,4.555555720937974e-06,0.0035884610341158,0.0035884255703928,9.882710890529722e-06,0.9999999999685416,6.481487715595879e-06,1.6877347912936266e-06,0.999988668214172,2.000022663828478,1.3511518769849545e-05,1.3511518769849545e-05
1.25,2.0,15,9.670991860277622e-07,15.25929134272541,0.1296465122076014,2.0560051904527316e-16,70,0.0010470452508589,0.0010470427494954,2.388973622147184e-06,0.9999999999999244,-1.6534690435480844e-07,0.0016102688875512,0.0016102688897204,1.3471015414268095e-09,0.9999999999993828,1.305185306716411e-06,0.0019207517057221,0.0019207457969425,3.076284969649734e-06,0.9999999999971254,1.8570036575028904e-06,4.83547965520689e-07,0.9999966342786436,2.000006731465369,4.734647170450925e-06,4.734647170450925e-06
1.25,4.0,11,0.0002870604907278,11.138664444587072,0.0694302336189913,6.431487287184012e-16,66,0.0137536843427913,0.0137527679561391,6.662844873772666e-05,0.9999999949659012,-2.844334726235859e-05,0.0319262893500061,0.0319225001747994,0.0001186851113575,0.9999999921762952,0.0005311512671578,0.0347731248217167,0.034758950557597,0.0004076212360077,0.999999936635124,0.0006292610349685,7.173440761849054e-05,0.999572005699748,4.001712710230929,0.0005941472915660825,0.0005941472915660825
1.25,4.0,12,8.224420758256089e-05,12.138803114522345,0.0694302336189913,1.704365815147213e-16,65,0.0073615427668863,0.0073613262222932,2.9415653749809145e-05,0.9999999995851944,-8.15112787311189e-06,0.0170872100122151,0.0170868830454608,1.913517502438733e-05,0.999999999316254,0.0001520965102593,0.0186075041233675,0.0186051255292803,0.0001278298299115,0.9999999943479256,0.0001802850529584,2.0558424347738923e-05,0.9998722075157128,4.000511235269173,0.0002141634708633791,0.0002141634708633791
1.25,4.0,13,2.356335998636891e-05,13.138843705777166,0.0694302336189913,7.662395566133963e-16,68,0.0039402806968577,0.0039402339895389,1.1853804946615476e-05,0.999999999965806,-2.335509173753581e-06,0.0091459561784243,0.0091459494278502,7.380938554790717e-07,0.9999999999377184,4.357011095335763e-05,0.0099590053807972,0.0099586060685777,4.009559230333526e-05,0.9999999994972164,5.165334484601821e-05,5.890615648953589e-06,0.999961915849222,4.0001523424049426,7.523343950397304e-05,7.523343950397304e-05
1.25,4.0,14,6.751015666238158e-06,14.138855576595546,0.0694302336189913,2.0350474777552918e-16,67,0.0021090647892125,0.0021090552739397,4.5116076475837374e-06,0.9999999999971788,-6.691495459255775e-07,0.0048954676766128,0.0048954739559135,1.282676367564406e-06,0.9999999999941522,1.248257033079121e-05,0.0053305247298047,0.0053304577103248,1.2572773469221588e-05,0.999999999955436,1.4799078810768958e-05,1.6877347912936266e-06,0.999988668214172,4.000045327656956,2.5896544400596852e-05,2.5896544400596852e-05
1.25,4.0,15,1.9341983720555244e-06,15.138859046330063,0.0694302336189913,2.737678248161679e-16,70,0.0011288978025561,0.0011288959387544,1.650992389468087e-06,0.999999999999767,-1.917158551242608e-07,0.002620356197749,0.0026203583829198,8.339212582697542e-07,0.9999999999994394,3.576281160317256e-06,0.0028531996476003,0.0028531884086885,3.939055523649593e-06,0.999999999996074,4.240026316794835e-06,4.83547965520689e-07,0.9999966342786436,4.000013462930738,8.767912590106235e-06,8.767912590106235e-06
1.5,1.25,9,6.082388181957614e-05,9.433916566744005,0.2171145807705247,8.967436168627607e-16,54,0.0216861073365985,0.0216827851840886,0.0001531926619363,0.999999998748378,-3.6245954205305146e-05,0.0140195326041749,0.0139891604684174,0.0021664157154893,0.999999989732404,4.848133839234423e-05,0.0258167880704932,0.025803871491512,0.0005003170396697,0.9999999466794836,0.0001640657732338,4.863754688368972e-05,0.9995569468084275,1.2505540619683888,-0.0004921175629356121,0.0004921175629356121
1.5,1.25,10,1.3571642491251197e-05,10.43415490021388,0.2171145807705247,1.1378227461784909e-15,55,0.0102425741106383,0.0102422224912319,3.432920305657117e-05,0.9999999999054344,-8.089066578096946e-06,0.0066114341520284,0.0066080115062072,0.0005176858367611,0.9999999994132396,1.0781122746658402e-05,0.0121903489665084,0.0121888858238176,0.0001200246764743,0.999999997033285,3.663421096904336e-05,1.0856163639777553e-05,0.9998940480837024,1.2501324539291199,-0.00011290385612709111,0.00011290385612709111
1.5,1.25,11,3.0282427625501144e-06,11.43421161304089,0.2171145807705247,8.534991967736398e-16,56,0.0048381194018351,0.0048380833305897,7.455633574848797e-06,0.9999999999932772,-1.805052631740173e-06,0.0031217880488677,0.00312140361566,0.0001231451980822,0.9999999999666512,2.403744529530961e-06,0.0057577873952272,0.0057576219783505,2.8729243606084864e-05,0.9999999998361434,8.175997081997342e-06,2.422533121087373e-06,0.9999747836627094,1.2500315212164628,-2.5466846132262342e-05,2.5466846132262342e-05
1.5,1.25,12,6.756922925761306e-07,12.434225051434549,0.2171145807705247,1.019645556410518e-15,57,0.0022853523254915,0.0022853487447444,1.5668249984113205e-06,0.9999999999995516,-4.027724900377487e-07,0.0014744897443381,0.0014744466656426,2.921600206529096e-05,0.999999999998148,5.362557869048522e-07,0.0027197267159953,0.0027197080458993,6.864695581754177e-06,0.9999999999910724,1.824428436032218e-06,5.405506033977752e-07,0.999994023420193,1.2500074707694084,-5.65750695553392e-06,5.65750695553392e-06
1.5,1.25,13,1.507673294535717e-07,13.434228224439002,0.2171145807705247,6.893675050018059e-16,58,0.0010795226506921,0.0010795223083659,3.171088581721549e-07,0.9999999999999732,-8.987146345688128e-08,0.000696484106824,0.0006964792886501,6.917852013565984e-06,0.999999999999906,1.1965032178206233e-07,0.001284701218135,0.0012846991141034,1.637759486916579e-06,0.9999999999995336,4.070923216751701e-07,1.2061369369171066e-07,0.9999985916117626,1.2500017604877762,-1.2387707755144576e-06,1.2387707755144576e-06
1.5,2.0,9,9.731821091132182e-05,9.278705883548662,0.139477364880201,7.934733599335164e-16,54,0.0243664469200935,0.0243607799518361,0.000232572614133,0.9999999972227948,-4.503339071837824e-05,0.0320125189134611,0.032007889045031,0.0001446268081132,0.9999999792423404,0.0002914754633528,0.0402354858188904,0.0402237810378487,0.0002909069147155,0.9999998875693412,0.0004599437607233,4.863754688368972e-05,0.9995569468084275,2.000886499149422,0.00022806701051432353,0.00022806701051432353
1.5,2.0,10,2.171462798600191e-05,10.278896229601072,0.139477364880201,1.0819863342954872e-15,55,0.0115080583357724,0.0115072176479312,7.30521011182983e-05,0.9999999998218398,-1.0051173985321622e-05,0.0151196242981251,0.0151194562087182,1.1117300514396078e-05,0.9999999983204396,6.504269927680223e-05,0.0190017821122131,0.019000368787058,7.437855811653904e-05,0.9999999937402352,0.000102715259768,1.0856163639777553e-05,0.9998940480837024,2.000211926286591,8.108690454905552e-05,8.108690454905552e-05
1.5,2.0,11,4.845188420080182e-06,11.27894101885874,0.139477364880201,5.379675654601512e-16,56,0.0054357442607505,0.0054356247319938,2.1989400332045328e-05,0.9999999999887144,-2.2429265165308468e-06,0.0071419023883941,0.0071419254086309,3.2232639854967715e-06,0.999999999872732,1.4515480551303817e-05,0.008975308889832,0.0089751387047505,1.8961473484235825e-05,0.9999999996534102,2.292443290387826e-05,2.422533121087373e-06,0.9999747836627094,2.00005043394634,2.5873552262372543e-05,2.5873552262372543e-05
1.5,2.0,12,1.0811076681218088e-06,12.278951526584418,0.139477364880201,6.234653770901058e-16,57,0.0025676237296884,0.0025676073166457,6.392308394054247e-06,0.9999999999992952,-5.004787682833547e-07,0.0033735992334518,0.0033736066852084,2.2088446596235656e-06,0.9999999999909106,3.2391075398165977e-06,0.0042395757481974,0.0042395553303354,4.81601536050924e-06,0.9999999999809228,5.115473529314275e-06,5.405506033977752e-07,0.999994023420193,2.0000119532310534,7.740039971957964e-06,7.740039971957964e-06
1.5,2.0,13,2.412277271257148e-07,13.278953985977388,0.139477364880201,8.075993283948764e-16,58,0.0012128540024563,0.0012128518169565,1.801947994484188e-06,0.9999999999999564,-1.1167284868567821e-07,0.001593577568324,0.0015935789601959,8.734258718501309e-07,0.9999999999993792,7.227644868176762e-07,0.0020026265754975,0.0020026241365453,1.217876651860017e-06,0.9999999999989588,1.1414368900811678e-06,1.2061369369171066e-07,0.9999985916117626,2.0000028167804422,2.2200024532223777e-06,2.2200024532223777e-06
1.5,4.0,9,0.0001946364218226,9.1529064828334,0.0765674424097912,1.6367115995841177e-15,54,0.0267743873966835,0.0267715389506044,0.0001063869748695,0.9999999934936122,-5.390410798585879e-05,0.0535507874589713,0.0535532653578339,4.627194071527008e-05,0.9999999836578122,0.0008961441423179,0.0598934041961562,0.0598720930673908,0.0003558176238513,0.9999998058506728,0.0011186788595176,4.863754688368972e-05,0.9995569468084275,4.001772998297947,0.0007429732104374828,0.0007429732104374828
1.5,4.0,10,4.342925597200382e-05,10.153081946249564,0.0765674424097912,3.834280982994986e-15,55,0.0126464647710055,0.0126459795656688,3.8366875287354496e-05,0.999999999671235,-1.2032252571878755e-05,0.0252959740162963,0.0252967713451048,3.15199884375339e-05,0.9999999989721716,0.0001998741552838,0.0282842141914652,0.0282815742076326,9.333771179975692e-05,0.9999999891949636,0.0002497495081052,1.0856163639777553e-05,0.9998940480837024,4.000423852573182,0.00022175063372081394,0.00022175063372081394
1.5,4.0,11,9.690376840160365e-06,11.15312263782342,0.0765674424097912,6.167619583455354e-16,56,0.0059736123491473,0.0059735377734682,1.2484184559236056e-05,0.999999999983359,-2.685008623246502e-06,0.0119492001233044,0.0119493486757648,1.2432000372486485e-05,0.9999999999319016,4.459496116904006e-05,0.0133595946956897,0.0133592697145486,2.432567368582106e-05,0.9999999994016094,5.573565504985566e-05,2.422533121087373e-06,0.9999747836627094,4.00010086789268,6.355012649306067e-05,6.355012649306067e-05
1.5,4.0,12,2.1622153362436177e-06,12.153132056443212,0.0765674424097912,6.290477477289854e-16,57,0.0028217101906645,0.0028216994457214,3.807954167989181e-06,0.999999999999156,-5.991199283366365e-07,0.0056444493528056,0.0056444726414714,4.125941132304689e-06,0.9999999999954516,9.950405570030118e-06,0.0063105119138758,0.0063104721821987,6.296109985037823e-06,0.9999999999670298,1.243686905886385e-05,5.405506033977752e-07,0.999994023420193,4.000023906462107,1.7671356891660665e-05,1.7671356891660665e-05
1.5,4.0,13,4.824554542514295e-07,13.15313423357152,0.0765674424097912,1.1001251213444644e-15,58,0.0013328779176206,0.0013328764400466,1.1085591300474815e-06,0.9999999999999571,-1.3368245487353168e-07,0.002666256736809,0.0026662600836928,1.2552743737792582e-06,0.9999999999996996,2.2202363815723928e-06,0.0029808608142914,0.0029808559908732,1.6181292912254008e-06,0.999999999998194,2.775074848867648e-06,1.2061369369171066e-07,0.9999985916117626,4.000005633560884,4.801549513559664e-06,4.801549513559664e-06
