beta,eta,m,epsilon,Rfit,x_asym,residual,points,exchange,exchange_theory,exchange_error,exchange_overlap,exchange_krein,pinning,pinning_theory,pinning_error,pinning_overlap,pinning_krein,stretch,stretch_theory,stretch_error,stretch_overlap,stretch_krein
0.6,1.25,27,0.00258769565583596,27.347179364362336,0.17508822796623333,3.008661028647275e-16,136,0.0006269542177633543,0.0006265736816142542,0.0006069600272530229,0.9999999949145936,-4.57028506706341e-07,0.0010349828791019935,0.0010227193568336807,0.01184900979130521,0.999999963487466,3.737393091377004e-06,0.0012100076165727255,0.0011993954566088445,0.008770324928978002,0.9999999633637346,5.1073864057589256e-06
0.6,1.25,28,0.0014201574865927357,28.348522140225036,0.17508822796623333,1.4972832002024816e-16,137,0.00046433341160910486,0.0004641771999394655,0.00033642134236688825,0.9999999984651488,-2.5067061671007806e-07,0.0007626653837005285,0.0007576491341862778,0.0065772613015572245,0.999999988973103,2.029165336345943e-06,0.0008928729245845148,0.0008885340080587005,0.004859500614640577,0.9999999889335847,2.7808786906320013e-06
0.6,1.25,29,0.0007793989537281413,29.349265620205387,0.17508822796623333,1.641753139686175e-16,138,0.00034393484371546094,0.0003438709273401766,0.00018583861580823147,0.9999999995371869,-1.3752470745622926e-07,0.0005633265261680711,0.000561280283488923,0.003632427347363243,0.9999999966739097,1.1069811562875626e-06,0.000660011884271809,0.0006582421828652421,0.0026813174864562805,0.9999999966613372,1.5194845130035673e-06
0.6,1.25,30,0.00042774321496551307,30.34967566927055,0.17508822796623333,2.3923259749071557e-16,139,0.0002547719559520701,0.0002547458485363222,0.0001024736637528223,0.9999999998605159,-7.546115296997676e-08,0.00041664009688948577,0.00041580666091799385,0.0020003738903531243,0.9999999989974088,6.055158852608083e-07,0.0004883586282268538,0.0004876378026878785,0.0014760167985411465,0.9999999989934232,8.318892384931618e-07
0.6,1.25,31,0.00023475045363334257,31.349901330917604,0.17508822796623333,1.907043858766222e-16,140,0.00018873102021805732,0.00018872036623873248,5.64505999730569e-05,0.9999999999579737,-4.14097276529676e-08,0.00030837632217633885,0.0003080371506888749,0.00109986228861636,0.9999999996978971,3.317083169074685e-07,0.0003615443531570539,0.000361250969324377,0.0008114739730133991,0.9999999996966379,4.5594081216525314e-07
0.6,2.0,27,0.004140313049337535,27.205315730083836,0.10377446203030481,1.244664094013359e-16,136,0.0006540961603725421,0.000653965524545305,0.00019971960569631353,0.9999999869233728,-4.975040218799355e-07,0.0017248652616330459,0.00171266566246777,0.007072783849635722,0.999999911683246,1.0382766482917295e-05,0.0018446949822143234,0.0018332742780855192,0.006191107060471879,0.9999999115676266,1.1873903534265272e-05
0.6,2.0,28,0.002272251978548377,28.206316077332175,0.10377446203030481,1.2508982565051507e-16,137,0.0004845238124346522,0.0004844695762808388,0.00011193702439693531,0.9999999960482172,-2.7295839805685035e-07,0.0012737518993745955,0.0012687739286920481,0.003908116396129757,0.999999973294311,5.660975355409527e-06,0.0013627843480673552,0.0013581229887128742,0.0034204673403327446,0.9999999732570022,6.47950193798824e-06
0.6,2.0,29,0.0012470383259650262,29.206870101117374,0.10377446203030481,2.0480579038251179e-16,138,0.00035892626569090046,0.0003589038894747972,6.234209708833038e-05,0.9999999988075586,-1.4977901920173402e-07,0.0009419585598407858,0.0009399308443009969,0.0021526589663686257,0.9999999919389783,3.0955666767361524e-06,0.0010080216912657877,0.0010061222559652095,0.0018843198683483608,0.9999999919269901,3.5448374047803842e-06
0.6,2.0,30,0.000684389143944821,30.207175694215252,0.10377446203030481,2.3302215192144704e-16,139,0.00026589174241360046,0.000265882540796467,3.460662993859387e-05,0.999999999640481,-8.219326586643913e-08,0.0006971430657375133,0.0006963178956389289,0.0011836452790524588,0.9999999975691921,1.695490905513385e-06,0.0007461269976713186,0.0007453536994524219,0.0010364163491070055,0.9999999975653551,1.9420727284977883e-06
0.6,2.0,31,0.00037560072581334814,31.207343878287947,0.10377446203030481,1.869045960752394e-16,140,0.00019697440919871323,0.0001969706307831728,1.9182266142059312e-05,0.9999999998916549,-4.5106442846452474e-08,0.0005161806042549146,0.00051584498447607,0.0006501983532083422,0.999999999267382,9.294824738832009e-07,0.0005524862726077736,0.0005521716014068795,0.0005695547862371031,0.9999999992661582,1.0648147159776379e-06
0.6,4.0,27,0.00828062609867507,27.10248055102671,0.05230092080331452,2.4036762164003633e-16,136,0.0006742695295931115,0.0006744777987888542,0.000308881221235735,0.9999999479040828,-5.288055445958802e-07,0.002669485862344304,0.0026430338746791454,0.009909019575001232,0.9999996584918408,2.4879371186614333e-05,0.002753317990407268,0.0027277368574993655,0.009291020142616513,0.999999658457845,2.6463601310867242e-05
0.6,4.0,28,0.004544503957096754,28.103425321297372,0.05230092080331452,1.3183898417423734e-16,137,0.0004995819047044777,0.0004996654427880812,0.00016721599164593037,0.9999999842036504,-2.902307010621007e-07,0.0019688165733855382,0.0019580076522413095,0.005490060013890408,0.9999998963498982,1.3528192198656458e-05,0.0020312122251885108,0.002020757165260619,0.005147202147683605,0.9999998963373347,1.439831047011894e-05
0.6,4.0,29,0.0024940766519300525,29.103952400015636,0.05230092080331452,7.209944447028604e-17,138,0.00037012763658010703,0.00037016126426240876,9.085428640909221e-05,0.999999995224676,-1.5928632989072565e-07,0.0014549341571250423,0.0014505277450145965,0.003028598984268105,0.9999999686495997,7.386353492313947e-06,0.0015012770612479562,0.0014970137275982058,0.0028398046968135526,0.9999999686451148,7.864089415173719e-06
0.6,4.0,30,0.001368778287889642,30.104244302608603,0.05230092080331452,2.0534789146875454e-16,139,0.00027420864583246256,0.0002742222091561726,4.946351588897002e-05,0.9999999985587853,-8.741941896088706e-08,0.0010763713834767972,0.001074577383111177,0.0016667113165209635,0.9999999905356172,4.042222694841271e-06,0.0011107513697000168,0.0011090150460154077,0.0015631974283120131,0.9999999905340694,4.304472035002495e-06
0.6,4.0,31,0.0007512014516266963,31.10440530622237,0.05230092080331452,2.083158949159336e-16,140,0.00020314333277194246,0.0002031488090584859,2.6957746871225652e-05,0.9999999995654313,-4.7977151124008434e-08,0.0007967963779206114,0.0007960665049412398,0.0009160094091746895,0.999999997145778,2.214952660000414e-06,0.0008222852214537746,0.0008215785530983888,0.0008593956658206059,0.9999999971452632,2.358897105122596e-06
0.75,1.25,20,0.000741656087868093,20.363637622934434,0.18229230262455154,1.8388068845354155e-16,107,0.0018457659476984272,0.0018453052748760022,0.00024958355256221587,0.9999999987976713,-2.2973825670796022e-06,0.002552228165230571,0.0025421296462692037,0.003956746147911527,0.9999999921715377,1.3200091847766081e-05,0.0031496328023684593,0.003141269599369972,0.0026552946083741036,0.999999990512053,2.009212402926974e-05
0.75,1.25,21,0.0003503335295456382,21.36413577297463,0.18229230262455154,1.7157499379583108e-16,110,0.0012684118947890917,0.0012682585315187042,0.0001209096753329586,0.9999999997310678,-1.084940112710982e-06,0.0017504627407717566,0.0017471784511775103,0.0018762407892202182,0.999999998252494,6.208686917438779e-06,0.0021616865465831363,0.0021589609174389943,0.0012608808379042102,0.9999999978626319,9.465931343247776e-06
0.75,1.25,22,0.00016548584166106554,22.364372091951,0.18229230262455154,1.5880173695123623e-16,109,0.000871711586067354,0.0008716604914479877,5.861413359986578e-05,0.9999999999398242,-5.124300942361359e-07,0.0012018836381019172,0.001200817017628919,0.0008874573537606123,0.999999999609867,2.926832431940929e-06,0.0014847181310644643,0.001483830691884542,0.0005977155941956358,0.9999999995187936,4.465843189683643e-06
0.75,1.25,23,7.816997655288293e-05,23.36448403222145,0.18229230262455154,8.700637730901448e-17,112,0.0005990999551277028,0.0005990829105178718,2.8450360720411183e-05,0.9999999999865287,-2.4204169185668585e-07,0.000825654798363338,0.0008253086620061058,0.00041922648293002407,0.9999999999128517,1.3812116533112573e-06,0.001020109746116608,0.0010198209260732362,0.00028312644249428587,0.9999999998916832,2.1082819582018617e-06
0.75,1.25,24,3.6924882352131254e-05,24.36453701802271,0.18229230262455154,3.523809526508395e-16,111,0.0004117489549099203,0.00041174326150582465,1.3827367447483141e-05,0.9999999999969829,-1.1432949660984493e-07,0.0005673380729247294,0.0005672257950901187,0.00019790287302934306,0.9999999999805171,6.521426702589902e-07,0.0007010059722878576,0.0007009119887768159,0.00013406948693317489,0.999999999975619,9.956079641985025e-07
0.75,2.0,20,0.0011866497405889488,20.218273982662126,0.10949444082440965,2.1759937601784074e-16,107,0.0019490307224678265,0.001948857144057016,8.905883771337386e-05,0.9999999967733504,-2.5615986526617296e-06,0.004408630640660659,0.004399503805216551,0.002070220027037717,0.9999999854801418,3.9438381596662917e-05,0.004820456908863187,0.004811826877606569,0.0017902932065941846,0.9999999834664117,4.71316804168245e-05
0.75,2.0,21,0.0005605336472730212,21.218650190388296,0.10949444082440965,1.0232158002831948e-16,110,0.0013394885217606891,0.0013394286210055802,4.471912534953493e-05,0.9999999992793729,-1.2099080756589419e-06,0.003026690383205138,0.0030237317973254223,0.0009774986883801517,0.999999996756062,1.858615100185963e-05,0.0033099308984203147,0.003307117024377235,0.0008501307517998491,0.9999999962821764,2.2222928147075017e-05
0.75,2.0,22,0.0002647773466577049,22.21882858517324,0.10949444082440965,1.1484072698873804e-16,109,0.0009205955821464398,0.0009205749309229108,2.243245995270371e-05,0.9999999998391275,-5.714967008236282e-07,0.002079136541513393,0.0020781784462411195,0.00046081402214015466,0.999999999275931,8.769821984199297e-06,0.002273863056673205,0.0022729460745615753,0.00040327059667844,0.9999999991647366,1.0488352972746987e-05
0.75,2.0,23,0.0001250719624846127,23.218913051567384,0.10949444082440965,1.1085967213664283e-16,112,0.0006327083997282159,0.0006327012803470564,1.1252231142400149e-05,0.999999999964094,-2.699507549637432e-07,0.0014286198450008554,0.0014283097655160022,0.0002170482833052656,0.9999999998384334,4.140415964529901e-06,0.0015624702407652834,0.0015621714683161966,0.00019121800933663557,0.9999999998124112,4.952342192367067e-06
0.75,2.0,24,5.907981176341001e-05,24.21895301608906,0.10949444082440965,1.8782447385595757e-16,111,0.0004348512612824631,0.0004348488066598531,5.64474069308929e-06,0.999999999991987,-1.2751456762460236e-07,0.0009817623028607894,0.0009816619886315956,0.00010217771542198051,0.9999999999639492,1.9553133815088096e-06,0.0010737610480501657,0.0010736637018068727,9.065913079064902e-05,0.9999999999578729,2.338875117774156e-06
0.75,4.0,20,0.0023732994811778976,20.11111098701909,0.05590155212285681,1.5956745473555412e-16,107,0.0020285411624507738,0.0020287864112613655,0.0001208991048007313,0.9999999868166507,-2.775023344087389e-06,0.006878241076703975,0.006859338636136332,0.002748150342049449,0.9999999526992538,9.606985741752071e-05,0.007171717739177175,0.007153076319158871,0.0025992963884330367,0.9999999504420527,0.00010440783100748053
0.75,4.0,21,0.0011210672945460424,21.111474830586843,0.05590155212285681,1.6284716630732277e-16,110,0.0013942872183673573,0.0013943631494167487,5.4458685693425934e-05,0.9999999970531662,-1.3109524054582847e-06,0.004720482628964436,0.004714349904213192,0.0012991732484332053,0.9999999894068289,4.5238744291778616e-05,0.0049223107425681225,0.004916232664531483,0.0012348017739058914,0.9999999888750302,4.9181315497435715e-05
0.75,4.0,22,0.0005295546933154098,22.111647681683618,0.05590155212285681,1.336821278674627e-16,109,0.0009583074540623459,0.0009583308433353459,2.440685700699774e-05,0.9999999993419183,-6.192779202272366e-07,0.0032421094197477083,0.003240122145634973,0.0006129571385317112,0.9999999976324427,2.133766586767212e-05,0.003380854105764202,0.003378874002374462,0.0005856814070633876,0.9999999975073737,2.320092728014159e-05
0.75,4.0,23,0.0002501439249692254,23.11172957513516,0.05590155212285681,1.408920723144913e-16,112,0.0006586433550645269,0.0006586505141590941,1.0869455392192862e-05,0.9999999998531036,-2.925324516549794e-07,0.0022275447486558597,0.0022269012126681182,0.00028889924125197197,0.9999999994713398,1.00721444839451e-05,0.002322908737002875,0.00232226387621751,0.00027760917813612895,0.9999999994419702,1.095249976022563e-05
0.75,4.0,24,0.00011815962352682002,24.111768324895575,0.05590155212285681,2.507759624958972e-16,111,0.00045268126114448356,0.0004526834368517068,4.806267477786008e-06,0.9999999999672169,-1.3818396253221233e-07,0.0015307336397993826,0.0015305253283934123,0.00013608599207215466,0.9999999998819981,4.7561698908267145e-06,0.0015962770576091517,0.0015960670646478598,0.00013155170043377407,0.9999999998751051,5.172069333947947e-06
1.0,1.25,13,0.000597436795364961,13.38769447043719,0.19438402416883283,3.044981801425539e-16,80,0.009676156686092926,0.009670866663174292,0.0005467070336135915,0.9999999869421705,-2.8757773779274052e-05,0.010389986402784627,0.010341840699063798,0.004633856277995285,0.9999999449795139,0.00010062123694903252,0.01419521719313964,0.014159072394112132,0.002546266008876308,0.9999998847540336,0.00018821089926446483
1.0,1.25,14,0.0002197847144141192,14.388366578447934,0.19438402416883283,2.952926260717942e-16,79,0.005867148125978616,0.005865677137208016,0.0002507161467573127,0.9999999969539799,-1.0580394288943084e-05,0.006283237831405664,0.006272643461846128,0.0016861321891369352,0.9999999877380064,3.6828695257095054e-05,0.008596126231161573,0.008587911520119767,0.0009556294103764129,0.9999999835535931,6.912206660392796e-05
1.0,1.25,15,8.08542779166912e-05,15.388618108358877,0.19438402416883283,2.030371855886448e-16,82,0.0035581221465461606,0.003557713023692089,0.00011498280194466304,0.9999999993622668,-3.8937305628950066e-06,0.0038068586456871385,0.0038045505770556683,0.0006062921811097466,0.9999999974227026,1.353799690006832e-05,0.005210696981217853,0.005208831639851967,0.0003579830822267871,0.999999997654713,2.5414156694404845e-05
1.0,1.25,16,2.9744626576312853e-05,16.38871205512799,0.19438402416883283,3.2741550356346627e-16,81,0.00215797491039482,0.0021578620273281887,5.2309721529808506e-05,0.9999999998765329,-1.432859758201597e-06,0.002308074835295887,0.002307576571411655,0.00021587856537941263,0.9999999994929009,4.981791079046077e-06,0.003159739670417293,0.0031593160908514506,0.0001340552102465642,0.9999999996654066,9.347597572622767e-06
1.0,1.25,17,1.0942436602747204e-05,17.388747109206147,0.19438402416883283,4.637674792806745e-16,84,0.0013088402793612478,0.001308809479004207,2.3532555902039398e-05,0.9999999999774168,-5.272204672716113e-07,0.0013997224925846041,0.0013996159401957278,7.612393845268794e-05,0.9999999999055413,1.8333881310881701e-06,0.0019163182910701332,0.0019162220728248683,5.020994983628846e-05,0.9999999999520942,3.438582040151833e-06
1.0,2.0,13,0.0009558988725839375,13.23809842921524,0.11945610770609308,5.247538514829841e-16,80,0.010425930831400186,0.010423322524515902,0.00025017496533064065,0.9999999879709391,-3.341592681567579e-05,0.01915979660063716,0.019127759791342097,0.00167208504154992,0.9999999636269754,0.0003493148285332743,0.021818230958509557,0.02178340760958588,0.001596066564237053,0.9999998483917694,0.0004518432906694656
1.0,2.0,14,0.0003516555430625907,14.2386090118347,0.11945610770609308,3.406563225949455e-16,79,0.006322761217723242,0.006322064687192181,0.0001101623969458343,0.9999999983623815,-1.2293705288984762e-05,0.011608494026996838,0.011601572765067507,0.000596223929928752,0.9999999951105429,0.0001281660599045094,0.01322030273403446,0.013212304588231324,0.0006049896106044006,0.9999999783096919,0.00016605577367770114
1.0,2.0,15,0.00012936684466670592,15.23879936042174,0.11945610770609308,1.167041994726975e-16,82,0.003834710585247308,0.003834526065468617,4.81183063464341e-05,0.9999999997768645,-4.522717679393556e-06,0.0070381941371537565,0.007036709582900515,0.00021092828988689138,0.9999999993327561,4.7104047547115484e-05,0.00801550594755498,0.008013667818224197,0.0002293216850950408,0.9999999968994976,6.106793067523203e-05
1.0,2.0,16,4.759140252210056e-05,16.238870206468278,0.11945610770609308,3.152842976928902e-16,81,0.0023258060931771194,0.002325757624173971,2.0839657824622826e-05,0.9999999999695788,-1.6638344947967404e-06,0.004268296317852207,0.004267980105522859,7.408396835650866e-05,0.9999999999074249,1.7322528639704712e-05,0.004860958105987358,0.004860535228505424,8.699467732775634e-05,0.9999999995568017,2.246316850274744e-05
1.0,2.0,17,1.7507898564395525e-05,17.238896556774048,0.11945610770609308,5.528685690682489e-16,84,0.00141065592994506,0.0014106433061219256,8.948903036154476e-06,0.9999999999958538,-6.120937453791472e-07,0.0025887276409244887,0.0025886607890431746,2.5824223551906833e-05,0.9999999999869454,6.37179648853932e-06,0.0029481610322737713,0.00294806363870189,3.3035363677602625e-05,0.9999999999365332,8.263449414527286e-06
1.0,4.0,13,0.001911797745167875,13.124059611353783,0.062417520603103745,5.646524914304507e-16,80,0.011034937816655313,0.011035136759948355,1.8028492443589172e-05,0.9999999483318011,-3.741530302809272e-05,0.03046747904637316,0.030411983762566916,0.001821459652824542,0.9999999513632002,0.0008903305912119289,0.03242085053147234,0.03235217148330846,0.002118360469821945,0.9999998058869829,0.0010060031013333468
1.0,4.0,14,0.0007033110861251814,14.12454705321637,0.062417520603103745,2.1456360993488133e-16,79,0.006693220428091617,0.006693148779030609,1.0704721557841523e-05,0.9999999930000968,-1.3770610792192579e-05,0.01845774621795999,0.018445800574679608,0.0006471886187686682,0.9999999934921081,0.0003265487304122839,0.019638349790810944,0.01962258391290733,0.0008028107285772412,0.9999999722523012,0.00036932434713605566
1.0,4.0,15,0.00025873368933341184,15.124728304938477,0.062417520603103745,2.8644621397067027e-16,82,0.004059645397181337,0.004059599944500242,1.1196219533604612e-05,0.9999999990520114,-5.066807043198166e-06,0.011190496173742135,0.011187943591488095,0.00022810268771000786,0.9999999991233913,0.00011999750101763512,0.011905318953728533,0.011901698765962188,0.00030408154375494156,0.9999999960388969,0.00013576601761704216
1.0,4.0,16,9.518280504420113e-05,16.124795518509625,0.062417520603103745,8.183557997920587e-16,81,0.0024622893348332404,0.0024622718325071017,7.108151707124755e-06,0.9999999998716271,-1.8640980563103806e-06,0.006786372553553666,0.006785830807373004,7.98285352575645e-05,0.9999999998807895,4.412670516704109e-05,0.007219577244900048,0.007218745204220082,0.00011524783955363382,0.9999999994352367,4.9932271628997434e-05
1.0,4.0,17,3.501579712879105e-05,17.12482041778744,0.062417520603103745,5.02005511135049e-16,84,0.0014934490811367863,0.001493443358962367,3.8315162474988895e-06,0.9999999999826155,-6.857807464970677e-07,0.004115928590530755,0.00411581443629426,2.7734746603114147e-05,0.9999999999836223,1.6230902864826947e-05,0.0043785817247738185,0.004378390291013015,4.372049509093756e-05,0.9999999999196075,1.8367319378049247e-05
1.25,1.25,11,8.970640335244412e-05,11.412117801140212,0.20619907451036498,1.125076594388208e-15,66,0.011592665381145699,0.011591580998755433,9.354038563291756e-05,0.9999999979427892,-2.0349426137519224e-05,0.009729709262713123,0.009715372472679578,0.0014735065197156727,0.999999986867972,4.476421457119613e-05,0.015132725894717682,0.015124589658354639,0.0005376583452081363,0.9999999727187732,0.00010828294248290502
1.25,1.25,12,2.5701314869550277e-05,12.412314678060971,0.20619907451036498,5.002034485397655e-16,65,0.006204656556942463,0.006204526204187417,2.1008859047988437e-05,0.999999999745398,-5.832441419814538e-06,0.005202573772414687,0.0052002641483205455,0.00044393874939130384,0.9999999986202007,1.280854610414877e-05,0.008096914856852976,0.008095609466294451,0.00016122073426771966,0.9999999975674746,3.103066393030588e-05
1.25,1.25,13,7.363549995740286e-06,13.412373338813765,0.20619907451036498,2.5392840736734087e-16,68,0.003321055880653146,0.0033210435593368677,3.710059909067809e-06,0.9999999999703219,-1.6713408046146132e-06,0.0027838735815842067,0.002783500816706145,0.00013390151066039468,0.9999999998574434,3.6688930318002568e-06,0.004333476924640459,0.00433326748766063,4.833000924464592e-05,0.99999999978372,8.89135703704558e-06
1.25,1.25,14,2.1096923956994243e-06,14.41239078506397,0.20619907451036498,3.992726966108376e-16,67,0.0017776269070907918,0.001777626519744444,2.1790081283779017e-07,0.999999999996702,-4.788872073900617e-07,0.0014899609007566193,0.0014899006234339073,4.045564060195517e-05,0.9999999999855349,1.0511472064798976e-06,0.002319464553546117,0.002319430945600125,1.4489527740635388e-05,0.9999999999808228,2.547522559764935e-06
1.25,1.25,15,6.044369912673514e-07,15.412395966520005,0.20619907451036498,3.4167551498872923e-16,70,0.0009514946890899178,0.000951494910331652,2.3252019865083184e-07,0.9999999999996471,-1.3720814055631385e-07,0.0007974960975679583,0.0007974863360505674,1.2240207094116329e-05,0.9999999999985569,3.0116397813225833e-07,0.001241507314701082,0.0012415019212930751,4.3442418284911355e-06,0.9999999999983042,7.298888264352171e-07
1.25,2.0,11,0.0001435302453639106,11.259079180331147,0.12964651220760148,1.046905617752003e-15,66,0.012757434179451282,0.012755591972326862,0.00014440263602433223,0.9999999986969598,-2.453593620351148e-05,0.01962145910017401,0.01961709102412783,0.00022261728976813444,0.999999994211915,0.00019383397064011535,0.02340714722325953,0.023399474071299258,0.0003278123509491415,0.9999999560306323,0.000275478374934865
1.25,2.0,12,4.1122103791280445e-05,12.259229783769054,0.12964651220760148,8.687576482854786e-16,65,0.006827941409786904,0.006827576380713041,5.346107295811642e-05,0.9999999998853817,-7.03036338591764e-06,0.01050080594319389,0.010500272164961725,5.083212041556706e-05,0.9999999994232373,5.550579575793231e-05,0.012526113206376034,0.012524835917996711,0.00010197004915080132,0.9999999960700702,7.894874676975063e-05
1.25,2.0,13,1.1781679993184456e-05,13.259274313447523,0.12964651220760148,5.935973013040247e-16,68,0.0036546089826493427,0.0036545382868629793,1.9344281891431336e-05,0.9999999999898788,-2.014304010382992e-06,0.005620448407455053,0.005620390678855602,1.02711732705707e-05,0.9999999999406468,1.5900809101496936e-05,0.006704274368783624,0.006704061565432878,3.174144419515468e-05,0.9999999996490627,2.262170254478891e-05
1.25,2.0,14,3.375507833119079e-06,14.259287463309096,0.12964651220760148,3.6213369000552553e-16,67,0.0019561467978950558,0.0019561333840036215,6.857303065710418e-06,0.9999999999991108,-5.771149200230554e-07,0.0030083830058546153,0.0030083783435990675,1.5497546484999347e-06,0.999999999993872,4.555555720937974e-06,0.003588461034115803,0.0035884255703928607,9.882710890529722e-06,0.9999999999685415,6.4814877155958785e-06
1.25,2.0,15,9.670991860277622e-07,15.25929134272541,0.12964651220760148,2.0560051904527313e-16,70,0.0010470452508589505,0.001047042749495465,2.3889736221471836e-06,0.9999999999999245,-1.6534690435480844e-07,0.001610268887551235,0.0016102688897204306,1.3471015414268095e-09,0.9999999999993828,1.305185306716411e-06,0.0019207517057221579,0.001920745796942555,3.076284969649734e-06,0.9999999999971254,1.8570036575028904e-06
1.25,4.0,11,0.0002870604907278212,11.138664444587072,0.06943023361899137,6.431487287184012e-16,66,0.013753684342791322,0.013752767956139134,6.662844873772666e-05,0.9999999949659012,-2.844334726235859e-05,0.03192628935000617,0.03192250017479943,0.00011868511135759707,0.9999999921762953,0.0005311512671578923,0.034773124821716746,0.03475895055759706,0.00040762123600779354,0.999999936635124,0.0006292610349685069
1.25,4.0,12,8.224420758256089e-05,12.138803114522345,0.06943023361899137,1.704365815147213e-16,65,0.007361542766886321,0.007361326222293226,2.9415653749809145e-05,0.9999999995851944,-8.15112787311189e-06,0.017087210012215123,0.01708688304546086,1.913517502438733e-05,0.9999999993162539,0.00015209651025935035,0.01860750412336753,0.01860512552928036,0.00012782982991155212,0.9999999943479255,0.00018028505295849566
1.25,4.0,13,2.356335998636891e-05,13.138843705777166,0.06943023361899137,7.662395566133962e-16,68,0.003940280696857794,0.003940233989538978,1.1853804946615476e-05,0.9999999999658059,-2.3355091737535815e-06,0.009145956178424352,0.009145949427850294,7.380938554790717e-07,0.9999999999377184,4.357011095335763e-05,0.009959005380797234,0.009958606068577739,4.009559230333526e-05,0.9999999994972163,5.165334484601821e-05
1.25,4.0,14,6.751015666238158e-06,14.138855576595546,0.06943023361899137,2.0350474777552918e-16,67,0.0021090647892125455,0.0021090552739397132,4.5116076475837374e-06,0.9999999999971788,-6.691495459255775e-07,0.004895467676612893,0.0048954739559135905,1.282676367564406e-06,0.9999999999941522,1.248257033079121e-05,0.005330524729804707,0.005330457710324807,1.2572773469221588e-05,0.9999999999554361,1.4799078810768958e-05
1.25,4.0,15,1.9341983720555244e-06,15.138859046330065,0.06943023361899137,2.737678248161679e-16,70,0.0011288978025561617,0.0011288959387544813,1.6509923894680867e-06,0.999999999999767,-1.917158551242608e-07,0.0026203561977490835,0.002620358382919821,8.339212582697542e-07,0.9999999999994394,3.5762811603172556e-06,0.002853199647600354,0.002853188408688522,3.939055523649593e-06,0.999999999996074,4.240026316794835e-06
1.5,1.25,9,6.082388181957614e-05,9.433916566744005,0.21711458077052473,8.967436168627607e-16,54,0.021686107336598575,0.021682785184088643,0.00015319266193636327,0.9999999987483781,-3.6245954205305146e-05,0.014019532604174937,0.013989160468417437,0.002166415715489367,0.999999989732404,4.848133839234423e-05,0.02581678807049324,0.025803871491512028,0.0005003170396697953,0.9999999466794837,0.00016406577323381936
1.5,1.25,10,1.3571642491251195e-05,10.43415490021388,0.21711458077052473,1.1378227461784907e-15,55,0.010242574110638367,0.010242222491231901,3.432920305657117e-05,0.9999999999054345,-8.089066578096946e-06,0.006611434152028408,0.006608011506207224,0.0005176858367611503,0.9999999994132395,1.0781122746658402e-05,0.012190348966508497,0.012188885823817682,0.00012002467647431736,0.999999997033285,3.663421096904336e-05
1.5,1.25,11,3.0282427625501144e-06,11.43421161304089,0.21711458077052473,8.534991967736397e-16,56,0.004838119401835152,0.0048380833305897005,7.455633574848797e-06,0.9999999999932773,-1.805052631740173e-06,0.0031217880488677153,0.003121403615660067,0.00012314519808220847,0.9999999999666512,2.403744529530961e-06,0.005757787395227291,0.005757621978350582,2.8729243606084864e-05,0.9999999998361434,8.175997081997342e-06
1.5,1.25,12,6.756922925761306e-07,12.434225051434547,0.21711458077052473,1.019645556410518e-15,57,0.0022853523254915777,0.002285348744744424,1.5668249984113203e-06,0.9999999999995516,-4.027724900377487e-07,0.0014744897443381008,0.001474446665642685,2.9216002065290958e-05,0.9999999999981481,5.362557869048522e-07,0.0027197267159953364,0.0027197080458993654,6.864695581754177e-06,0.9999999999910724,1.824428436032218e-06
1.5,1.25,13,1.507673294535717e-07,13.434228224439002,0.21711458077052473,6.893675050018058e-16,58,0.0010795226506921237,0.0010795223083659286,3.1710885817215484e-07,0.9999999999999731,-8.987146345688128e-08,0.0006964841068240994,0.0006964792886501186,6.917852013565984e-06,0.9999999999999061,1.1965032178206233e-07,0.0012847012181350925,0.0012846991141034847,1.637759486916579e-06,0.9999999999995336,4.0709232167517004e-07
1.5,2.0,9,9.731821091132182e-05,9.278705883548662,0.139477364880201,7.934733599335164e-16,54,0.02436644692009351,0.024360779951836168,0.00023257261413300867,0.9999999972227948,-4.503339071837824e-05,0.03201251891346118,0.03200788904503106,0.00014462680811322404,0.9999999792423405,0.0002914754633528353,0.04023548581889043,0.04022378103784877,0.00029090691471556074,0.9999998875693413,0.00045994376072333435
1.5,2.0,10,2.171462798600191e-05,10.278896229601072,0.139477364880201,1.0819863342954872e-15,55,0.011508058335772493,0.011507217647931273,7.30521011182983e-05,0.9999999998218398,-1.0051173985321622e-05,0.015119624298125196,0.01511945620871821,1.1117300514396078e-05,0.9999999983204397,6.504269927680223e-05,0.019001782112213168,0.019000368787058016,7.437855811653904e-05,0.9999999937402351,0.00010271525976809665
1.5,2.0,11,4.845188420080182e-06,11.27894101885874,0.139477364880201,5.379675654601512e-16,56,0.005435744260750515,0.005435624731993863,2.1989400332045328e-05,0.9999999999887145,-2.2429265165308468e-06,0.007141902388394196,0.007141925408630952,3.2232639854967715e-06,0.9999999998727321,1.4515480551303815e-05,0.008975308889832096,0.00897513870475057,1.8961473484235825e-05,0.9999999996534102,2.292443290387826e-05
1.5,2.0,12,1.0811076681218088e-06,12.278951526584418,0.139477364880201,6.234653770901058e-16,57,0.002567623729688463,0.002567607316645743,6.392308394054247e-06,0.9999999999992952,-5.004787682833547e-07,0.0033735992334518153,0.003373606685208466,2.2088446596235656e-06,0.9999999999909106,3.2391075398165977e-06,0.004239575748197408,0.004239555330335483,4.81601536050924e-06,0.9999999999809229,5.115473529314275e-06
1.5,2.0,13,2.4122772712571473e-07,13.278953985977388,0.139477364880201,8.075993283948764e-16,58,0.0012128540024563938,0.0012128518169565565,1.8019479944841876e-06,0.9999999999999565,-1.1167284868567821e-07,0.0015935775683240875,0.0015935789601959646,8.734258718501309e-07,0.9999999999993793,7.227644868176762e-07,0.0020026265754975146,0.002002624136545366,1.217876651860017e-06,0.9999999999989588,1.1414368900811678e-06
1.5,4.0,9,0.00019463642182264364,9.1529064828334,0.07656744240979123,1.6367115995841175e-15,54,0.026774387396683558,0.02677153895060444,0.0001063869748695323,0.9999999934936122,-5.3904107985858785e-05,0.053550787458971384,0.05355326535783394,4.627194071527008e-05,0.9999999836578122,0.000896144142317997,0.05989340419615626,0.059872093067390816,0.0003558176238513955,0.9999998058506729,0.0011186788595176033
1.5,4.0,10,4.342925597200382e-05,10.153081946249564,0.07656744240979123,3.8342809829949864e-15,55,0.012646464771005516,0.01264597956566882,3.8366875287354496e-05,0.999999999671235,-1.2032252571878755e-05,0.02529597401629631,0.025296771345104822,3.15199884375339e-05,0.9999999989721717,0.00019987415528383517,0.02828421419146529,0.028281574207632606,9.333771179975692e-05,0.9999999891949637,0.00024974950810523113
1.5,4.0,11,9.690376840160365e-06,11.15312263782342,0.07656744240979123,6.167619583455353e-16,56,0.005973612349147343,0.00597353777346829,1.2484184559236056e-05,0.999999999983359,-2.685008623246502e-06,0.011949200123304464,0.011949348675764847,1.2432000372486485e-05,0.9999999999319016,4.459496116904006e-05,0.013359594695689748,0.013359269714548606,2.432567368582106e-05,0.9999999994016094,5.573565504985566e-05
1.5,4.0,12,2.1622153362436177e-06,12.153132056443212,0.07656744240979123,6.290477477289853e-16,57,0.0028217101906645344,0.002821699445721453,3.8079541679891804e-06,0.9999999999991561,-5.991199283366365e-07,0.005644449352805696,0.00564447264147145,4.125941132304689e-06,0.9999999999954517,9.950405570030118e-06,0.0063105119138758365,0.006310472182198765,6.296109985037823e-06,0.9999999999670298,1.243686905886385e-05
1.5,4.0,13,4.824554542514295e-07,13.153134233571521,0.07656744240979123,1.1001251213444644e-15,58,0.0013328779176206595,0.0013328764400466746,1.1085591300474817e-06,0.9999999999999571,-1.3368245487353166e-07,0.0026662567368090826,0.002666260083692838,1.2552743737792582e-06,0.9999999999996997,2.2202363815723928e-06,0.0029808608142914955,0.002980855990873299,1.6181292912254008e-06,0.999999999998194,2.775074848867648e-06
